gene_id,gene_symbol,major_class,subcategory,functional_label,heatmap_row_label,shared_across_classes,TMEM94_required,raw_gene_id,raw_gene_symbol,mapping_method,filter_status,N1,N3,N4,N5,N6,N7,N8,N9,N10,O1,O2,O3,O5,O6,O7,O8,O9,O10,D1,D2,D3,D5,D6,D7,D8S,HF1,HF2,HF3,HF4,HF5,HF6,HF7,HF8,HF9,HF10
ENSG00000151067,CACNA1C,Calcium channels,CaV1 / L-type calcium channels,Cav1.2 α1 subunit (cardiac L-type),CACNA1C | Cav1.2 α1 subunit (cardiac L-type),No,No,ENSG00000151067,CACNA1C,gene_id,retained,-0.12686177,0.29188426,-0.44422505,-0.07208803,-0.08166663,0.16880738,0.70391402,-0.32304721,-0.11671696,-0.37460014,-0.22060605,-0.11053802,-0.07886424,0.28025034,-0.25670031,-0.03767728,-0.33504008,0.11309381,0.33717381,0.32716072,0.37848028,0.66420530,0.39629066,0.33758401,-0.37894895,0.11357197,0.08638378,0.64208984,0.40243247,0.29370213,0.32613954,-0.55160142,-0.07002704,0.22671955,-0.27531463
ENSG00000157388,CACNA1D,Calcium channels,CaV1 / L-type calcium channels,Cav1.3 α1 subunit (atrial/pacemaker L-type),CACNA1D | Cav1.3 α1 subunit (atrial/pacemaker L-type),No,No,ENSG00000157388,CACNA1D,gene_id,retained,-0.80385244,-2.39602927,0.39593631,0.53947147,-1.54106041,0.11216607,0.09279102,2.95969454,0.64088271,-0.21365127,-0.84708053,2.02550624,0.99110066,-1.66490125,-0.13537339,0.73596331,0.05603754,-5.03963720,0.38948599,-0.87980806,-0.17309544,0.47325589,-1.39003651,-0.28787848,-1.67055224,-1.15866941,1.05568253,0.08655021,1.21066133,0.86065643,-2.52798330,-0.51515168,-0.31542445,0.97029182,0.42506205
ENSG00000102001,CACNA1F,Calcium channels,CaV1 / L-type calcium channels,Cav1.4 α1 subunit (retina),CACNA1F | Cav1.4 α1 subunit (retina),No,No,ENSG00000102001,CACNA1F,gene_id,retained,-3.32220786,1.24346748,-0.99843039,-1.06134611,0.02804701,-0.19319562,1.26136051,2.03025421,1.01205076,1.24442484,-1.04350785,1.35456258,0.17554423,1.85173876,-0.15122847,2.06406264,-1.43374873,0.92178765,-3.08580071,-0.22823848,-1.54258747,0.92037278,2.50099901,1.53276771,1.37248637,-0.03702096,1.72208716,1.03898628,0.45784066,0.51549373,1.24275798,-0.29968121,1.12243844,0.95443674,-0.19345753
ENSG00000141837,CACNA1A,Calcium channels,CaV2 calcium channels,Cav2.1 α1 subunit (P/Q-type),CACNA1A | Cav2.1 α1 subunit (P/Q-type),No,No,ENSG00000141837,CACNA1A,gene_id,retained,0.21468945,0.16754700,0.02227000,-0.14856106,0.75758939,-0.33917458,-0.72575861,-0.07961360,0.13101201,0.69567573,0.07759443,0.41111641,-0.77374282,0.53988163,-1.04502040,0.13773674,-0.40440942,-0.32240432,-0.19773809,-0.44055993,0.49747824,-0.14314401,-1.58466047,0.40290842,0.66054709,1.40490686,1.53464038,0.75712389,0.58297845,0.20875668,0.18627188,0.11202941,0.97182059,1.48450201,0.95961714
ENSG00000148408,CACNA1B,Calcium channels,CaV2 calcium channels,Cav2.2 α1 subunit (N-type),CACNA1B | Cav2.2 α1 subunit (N-type),No,No,ENSG00000148408,CACNA1B,gene_id,retained,-0.09967392,-1.30482763,-0.09782454,-1.05382507,0.83024915,0.40690111,1.18399266,-0.70399132,0.83899956,0.98064386,0.06354887,1.94941314,0.61517629,1.47692647,-0.33962763,-0.28831226,1.78878521,2.65147729,0.95985547,-1.55414116,-1.28352766,1.10989166,2.79802668,2.08343108,0.64304182,0.11310448,-0.95745248,-1.02388200,1.56489738,0.03758795,0.32875308,-1.62558389,-0.04734505,0.78687108,0.06560228
ENSG00000198216,CACNA1E,Calcium channels,CaV2 calcium channels,Cav2.3 α1 subunit (R-type),CACNA1E | Cav2.3 α1 subunit (R-type),No,No,ENSG00000198216,CACNA1E,gene_id,retained,-0.14052367,-2.52516121,0.28315237,0.78473505,-0.46756318,-1.05137589,0.75776858,0.59691200,1.76205594,1.84223494,4.46010443,1.54280235,1.80811112,1.82673939,3.06038823,-1.00300579,1.93489839,3.79541126,-1.54457413,0.24542482,-4.08882374,-1.06947013,-1.01352839,-3.33539665,1.21581692,-1.39883266,-0.30331694,-3.09221249,-2.29484649,-3.40925416,-1.18318405,-3.69391438,-1.72865241,1.02173213,-1.51730138
ENSG00000006283,CACNA1G,Calcium channels,CaV3 / T-type calcium channels,"Cav3.1 α1 subunit (cardiac conduction system, SAN, AVN, fetal heart)","CACNA1G | Cav3.1 α1 subunit (cardiac conduction system, SAN, AVN, fetal heart)",No,No,ENSG00000006283,CACNA1G,gene_id,retained,-0.77902249,-0.42509234,0.52538965,0.61057256,0.10491437,1.46299870,0.53920131,-1.05927606,-0.97968570,1.42668797,-0.48121367,0.74758619,0.59611030,-0.56641426,2.02938681,0.04828071,0.97513554,0.21015911,0.40847505,0.09611228,0.15260098,1.14163005,1.37336114,1.07979514,0.31912126,1.02248523,1.50724531,-1.06168455,-0.05786767,1.51743797,0.71304279,0.45209078,0.32061209,1.32191475,1.98715775
ENSG00000196557,CACNA1H,Calcium channels,CaV3 / T-type calcium channels,"Cav3.2 α1 subunit (vascular smooth muscle, some cardiac)","CACNA1H | Cav3.2 α1 subunit (vascular smooth muscle, some cardiac)",No,No,ENSG00000196557,CACNA1H,gene_id,retained,-0.26929095,-0.28477494,0.51734559,0.27402266,0.04534001,-0.68839548,0.24932871,-0.22245823,0.37888262,0.46281938,-0.16468049,0.46665994,0.64314316,0.06410357,0.48146815,-0.02900814,0.48946303,-0.37765229,0.40987584,0.37369315,0.14272377,1.35386006,0.11441600,-0.73049695,0.34898749,0.25715009,0.04548328,-0.54274126,-0.51152139,-0.49368548,0.23976065,0.30354548,0.48503523,-0.45819010,-0.60258109
ENSG00000196218,RYR1,Calcium channels,SR calcium release - RyR axis,Ryanodine receptor 1 (skeletal),RYR1 | Ryanodine receptor 1 (skeletal),No,No,ENSG00000196218,RYR1,gene_id,retained,0.28722291,0.02994647,-0.09223436,0.18843689,0.26824397,0.16985809,-0.15437155,-0.55490954,-0.14219288,-0.52696618,-0.37391810,-0.37569619,-0.15327977,-0.78848267,0.08896849,0.14739075,0.95121975,-0.59806460,-0.77521442,-0.72500711,-0.13603213,0.10873081,-0.05763488,-0.40274269,-0.16987913,-0.53378960,-0.31842132,-1.17704595,-1.18500624,-0.47660019,-0.75767305,0.06337250,-0.36671701,-0.21656173,0.10947518
ENSG00000198626,RYR2,Calcium channels,SR calcium release - RyR axis,Ryanodine receptor 2 (cardiac),RYR2 | Ryanodine receptor 2 (cardiac),No,No,ENSG00000198626,RYR2,gene_id,retained,0.01991105,0.16016600,0.00410406,0.12440303,-0.12608455,0.65838958,-0.15531819,-1.28668144,0.60111047,-0.48334225,-1.65017316,0.04027187,0.91384344,0.06061058,0.27903683,0.26629250,0.37853057,-1.68743820,0.52415493,0.34080338,-0.18398615,0.09306305,0.17953743,0.39457250,-0.56602845,-0.54135036,-0.20484666,0.96643684,0.58886454,0.58043471,0.08101631,-0.75333135,0.52150193,0.52344935,0.03130592
ENSG00000198838,RYR3,Calcium channels,SR calcium release - RyR axis,Ryanodine receptor 3,RYR3 | Ryanodine receptor 3,No,No,ENSG00000198838,RYR3,gene_id,retained,-0.18957827,-0.30212923,-1.23719757,0.75743773,0.59183377,-0.01972394,0.19326371,0.24957030,-0.04347650,-0.72016738,0.75906576,0.27241881,0.13824881,0.35366025,0.43377477,-0.01965458,0.37965191,0.17505107,0.22930693,0.80562714,-0.28082926,-0.89548406,0.94216648,0.84042842,0.15371066,0.32031491,-0.12221083,-0.02118360,-0.41711435,0.76657092,1.13764341,2.16170454,0.20719613,0.31620486,0.47342271
ENSG00000118729,CASQ2,Calcium channels,SR calcium release - RyR axis,Calsequestrin 2 (cardiac SR Ca²⁺ buffer),CASQ2 | Calsequestrin 2 (cardiac SR Ca²⁺ buffer),No,No,ENSG00000118729,CASQ2,gene_id,retained,-0.05887732,-0.16870729,-0.07806860,0.21423121,-0.12508018,-0.01835614,0.07069606,-0.05321551,0.21737776,-0.44449697,-0.35173087,0.03070787,0.11453300,0.12525947,0.16255205,0.03903764,-0.16401971,-0.57442214,0.06444670,0.04824353,0.10776650,0.03789064,-0.09206294,0.17931381,-0.24145430,-0.16574503,0.26837059,0.43523812,0.13294687,0.30914400,-0.44343938,-0.93185984,-0.02703658,0.62799574,0.00739743
ENSG00000186439,TRDN,Calcium channels,SR calcium release - RyR axis,Triadin (RyR2–CASQ2 coupling),TRDN | Triadin (RyR2–CASQ2 coupling),No,No,ENSG00000186439,TRDN,gene_id,retained,0.06960600,-0.16205588,-0.21797780,0.01710704,0.01388739,-0.08221250,0.17463643,-0.05652641,0.24353573,-0.04936234,-0.06256776,-0.43371858,0.12306788,0.26361250,0.01111589,0.20218134,-0.03016778,-0.64345407,0.07593001,0.35988796,0.11630368,0.39592431,0.46036564,0.77647855,0.12110487,0.47742903,-0.05584798,0.14941609,0.13320745,0.07474962,-0.22835350,-1.02769346,-0.04037787,-0.08688663,-0.01910852
ENSG00000198363,ASPH,Calcium channels,SR calcium release - RyR axis,Junction (RyR2–CASQ2 coupling),ASPH | Junction (RyR2–CASQ2 coupling),No,No,ENSG00000198363,ASPH,gene_id,retained,-0.39162913,-0.15986040,0.11230033,0.30791898,-0.13736026,0.06151544,0.28583665,0.00250629,-0.08122789,0.21410660,0.53137431,-0.09744119,-0.11239741,0.07682393,0.07308290,-0.09173957,-0.55320972,0.21454411,-0.15719389,0.02856978,0.57522769,0.12655130,-0.08361724,0.16210793,0.02876845,-0.22636753,-0.38789930,-0.14692522,0.20473358,0.03724273,-0.13294421,0.19428796,-0.17027872,0.07960024,-0.21849215
ENSG00000119782,FKBP1B,Calcium channels,SR calcium release - RyR axis,Calstabin2 / FKBP12.6 (stabilizes RyR2),FKBP1B | Calstabin2 / FKBP12.6 (stabilizes RyR2),No,No,ENSG00000119782,FKBP1B,gene_id,retained,0.76002615,0.78899416,0.33918446,-0.23392600,-0.28203640,-1.17070369,-0.14825858,1.21673818,-1.27001828,0.68280266,0.71679806,0.66762486,0.72528316,1.26789453,0.21006537,0.79704795,1.01698019,0.93820506,1.12767783,-0.16392637,0.53199296,0.42971713,-0.97900940,0.42013036,0.38817312,-0.53351750,0.97590463,-4.76295023,-0.38989954,-0.22201091,-0.65228793,0.93912863,-0.30694390,-0.02987651,-0.86611102
ENSG00000196296,ATP2A1,Calcium channels,SR calcium uptake - SERCA axis,SERCA1 (skeletal),ATP2A1 | SERCA1 (skeletal),No,No,ENSG00000196296,ATP2A1,gene_id,retained,1.13386095,0.84155529,1.48718269,0.46274112,0.27821152,0.14185778,-3.78440787,-1.47599464,0.91499315,1.15285277,1.18684817,1.30412276,1.12726899,1.55292006,1.40621736,2.10960943,0.66683942,2.66671685,-1.16578480,0.59224176,1.22542534,2.21235747,1.36212123,0.57446217,1.61212021,2.33045392,2.86270220,1.25374545,2.33886243,0.11358154,2.50710839,2.19457079,2.70324826,1.63658882,1.52010750
ENSG00000174437,ATP2A2,Calcium channels,SR calcium uptake - SERCA axis,SERCA2a/b (cardiac),ATP2A2 | SERCA2a/b (cardiac),No,No,ENSG00000174437,ATP2A2,gene_id,retained,-0.58097471,-0.12113377,0.63342780,-0.13781141,0.44226878,-0.68047381,0.06807153,0.30100178,0.07562381,-0.07923430,-1.04408674,0.31004786,0.10273561,0.05962836,0.14390444,-0.30723601,-0.34120294,-1.58321180,0.35103108,-0.46133911,0.60753961,0.22483792,-0.61058494,-0.16889809,-0.30979244,-0.70078750,-0.74221940,-0.24306260,-0.42888236,-0.68225284,-0.60705228,-1.91237272,-0.36206503,-0.13419666,-1.20721103
ENSG00000074370,ATP2A3,Calcium channels,SR calcium uptake - SERCA axis,SERCA3,ATP2A3 | SERCA3,No,No,ENSG00000074370,ATP2A3,gene_id,retained,0.61013383,-0.22409919,0.41584885,0.66693696,-0.76123635,-0.26337981,-0.35651892,-0.15917484,0.07148946,-0.09343942,0.44038034,0.08260504,-0.60881525,-0.07998887,0.30494743,0.58414273,0.54359025,-0.16713730,-0.04726504,-0.05879811,-0.57945159,0.22949313,-0.94763687,-0.79088269,0.20353677,-0.04483456,-0.26218679,-0.66553502,-0.89219465,-1.01645758,-0.85166382,0.02366429,-0.29199651,0.58837986,-0.03165049
ENSG00000198523,PLN,Calcium channels,SR calcium uptake - SERCA axis,Phospholamban (master SERCA regulator),PLN | Phospholamban (master SERCA regulator),No,No,ENSG00000198523,PLN,gene_id,retained,-0.25465841,-0.62988542,-0.04620613,0.00858803,0.40094887,0.54306659,0.04352324,-0.14725820,0.08188144,-0.41960426,-0.52064018,-0.62681775,0.02446586,0.09949193,-0.62629132,-0.13034452,-0.31853955,-0.64516316,0.12995098,-0.21913082,-0.56497277,-0.00832504,-0.71058247,-0.53068681,-0.47232958,-0.44581822,-0.84590920,0.00525445,-0.10848950,-0.22568831,-0.64007019,-1.32993139,-1.13318792,-0.17769795,-0.56268668
ENSG00000170290,SLN,Calcium channels,SR calcium uptake - SERCA axis,Sarcolipin (atrial SERCA regulator),SLN | Sarcolipin (atrial SERCA regulator),No,No,ENSG00000170290,SLN,gene_id,retained,0.24796678,-1.15227795,0.78645883,2.34729007,-0.96330816,-2.82174325,-0.36068639,-0.91401172,2.83031179,3.65993283,3.55545954,1.74018750,4.21713883,3.84956746,3.93889487,-1.90129732,4.44075994,2.62345472,-0.48739239,2.61003044,-2.78548141,-0.97999615,2.06189338,-1.18405742,1.17689815,2.00511361,-0.31947597,-1.55280280,1.10102713,-0.60908024,0.86479780,1.41907105,-0.09024089,2.13974476,0.31655567
ENSG00000150995,ITPR1,Calcium channels,IP3 receptors - ER/MAM calcium release,IP3 receptor type 1,ITPR1 | IP3 receptor type 1,No,No,ENSG00000150995,ITPR1,gene_id,retained,0.57751489,-0.62941691,0.22059700,0.86413383,-0.84918067,-0.18636377,-0.53057234,0.20719579,0.32609218,0.37667758,0.40986611,0.40883675,0.27926143,0.16052220,0.52194132,0.23382173,0.68035837,0.18885781,0.02084176,0.27688209,0.22934773,-0.55075794,-0.09076118,-0.88330527,0.43871924,-0.01757893,-0.67381720,-0.22833126,0.48216435,0.13369620,0.35210330,1.36130897,-0.63208046,0.43475682,0.10054594
ENSG00000123104,ITPR2,Calcium channels,IP3 receptors - ER/MAM calcium release,"IP3 receptor type 2 (dominant cardiac, MAM)","ITPR2 | IP3 receptor type 2 (dominant cardiac, MAM)",No,No,ENSG00000123104,ITPR2,gene_id,retained,0.44619017,-0.00686101,0.12284607,0.29297543,-0.44229081,-0.41847882,-0.43785388,-0.11276470,0.55623756,0.19241728,0.11177596,0.35030006,0.24396024,0.28679545,0.25037518,0.52516947,0.58087720,0.49402823,0.46192055,0.43337933,-0.00691887,-0.47410278,0.12546725,-0.82688181,0.40487982,-0.32716293,-0.83392303,-0.49070831,-0.14102801,-0.10800316,-0.20386115,0.30153589,0.53914195,-0.01903741,-0.50385063
ENSG00000096433,ITPR3,Calcium channels,IP3 receptors - ER/MAM calcium release,IP3 receptor type 3 (MAM),ITPR3 | IP3 receptor type 3 (MAM),No,No,ENSG00000096433,ITPR3,gene_id,retained,-0.06296882,0.15124209,0.41559914,-0.61832906,-0.21215908,-0.19363390,-0.03096757,0.07124392,0.47997329,-0.15407116,-1.00938021,-0.06637224,-0.47256781,0.29688004,-0.23954305,-0.08524193,0.23499228,-0.47916756,0.69990995,-0.47490571,0.53719922,0.07128032,0.30923795,-0.76280312,-0.36212742,-0.11415949,0.29412738,-0.90086012,-0.73157266,-0.03618587,-0.48315634,-0.30011949,0.55741895,0.05346946,-0.24323631
ENSG00000183023,SLC8A1,Calcium channels; Sodium channels,Plasma membrane calcium efflux; Na⁺/Ca²⁺ exchangers,"NCX1 — Na⁺/Ca²⁺ exchanger 1 (cardiac); NCX1 (cardiac, main Ca²⁺ efflux)","SLC8A1 | NCX1 — Na⁺/Ca²⁺ exchanger 1 (cardiac); NCX1 (cardiac, main Ca²⁺ efflux)",Yes,No,ENSG00000183023,SLC8A1,gene_id,retained,-0.61408352,-0.12960510,-0.22768130,-0.08137119,-0.43600717,0.65679509,0.66242081,-0.10384902,0.27338139,-0.64542354,-0.57197243,-0.05850610,-0.11146788,-0.08396843,-0.15665836,-0.01542087,-0.48324791,-0.85216646,-0.00576309,0.16130861,0.55645287,0.29727373,-0.42469134,0.33621979,-0.65371545,0.00117216,0.48072989,0.52795828,0.47797396,0.58419728,0.37769098,-0.66156884,0.04534852,0.83047727,0.03041119
ENSG00000118160,SLC8A2,Calcium channels; Sodium channels,Plasma membrane calcium efflux; Na⁺/Ca²⁺ exchangers,NCX2,SLC8A2 | NCX2,Yes,No,ENSG00000118160,SLC8A2,gene_id,retained,1.43817863,1.14587297,-3.41795299,1.27401879,1.21056042,2.26720532,-1.89512769,-3.49360505,1.47084960,-0.32710086,-1.14110236,0.48644991,-3.09197528,0.16918175,1.22510821,0.62251373,-3.11630574,0.13231543,-0.01347022,-3.49575799,0.86231836,-0.94275647,-1.50348609,0.87877985,-1.04703623,2.88168634,-2.89906931,-0.64357073,-1.22471635,1.10977693,1.75088453,2.31544233,-0.56011857,0.96787354,-0.29105204
ENSG00000070961,ATP2B1,Calcium channels,Plasma membrane calcium efflux,PMCA1 — plasma membrane Ca²⁺ ATPase 1,ATP2B1 | PMCA1 — plasma membrane Ca²⁺ ATPase 1,No,No,ENSG00000070961,ATP2B1,gene_id,retained,0.24333534,0.28713362,0.04507437,-0.11600584,-0.58521294,0.06423048,-0.30355991,0.22736384,0.13764104,-0.05677237,0.25225853,-0.24342416,0.09279899,-0.18914716,-0.09559858,0.18938655,0.25338625,0.39893110,-0.00686494,0.48556592,0.43405412,-0.26377449,0.21968563,-0.18921709,0.60286293,0.20238607,-0.44397198,0.09037771,-0.02386504,0.01296059,0.05033181,-0.06626420,0.36291251,0.36098850,0.18235671
ENSG00000058668,ATP2B4,Calcium channels,Plasma membrane calcium efflux,PMCA4,ATP2B4 | PMCA4,No,No,ENSG00000058668,ATP2B4,gene_id,retained,0.13236772,-0.47324366,-0.10862635,0.18361076,-0.35749521,0.57010856,-0.13642452,0.18552434,0.00417836,-0.33945179,0.84516833,0.12735792,-0.16459966,0.16769364,0.13789871,0.04293705,0.17217968,1.20570145,-0.00766460,-0.04215513,0.08258963,0.72567869,1.19673616,-0.11837048,0.22431159,-0.23261783,0.01336497,0.70063880,0.36535317,0.82366266,0.41191428,0.24536728,0.32147646,0.86992805,0.53747087
ENSG00000156026,MCU,Calcium channels,Mitochondrial calcium uptake - MCU complex,Mitochondrial Ca²⁺ uniporter (pore),MCU | Mitochondrial Ca²⁺ uniporter (pore),No,No,ENSG00000156026,MCU,gene_id,retained,0.17248802,-0.07945990,0.39195552,0.09531700,-0.23605836,-0.13119225,-0.10021734,-0.18018385,0.06735115,-0.10483536,0.52176800,0.00984181,0.28169909,0.22248014,-0.00223328,-0.38636687,0.22597033,0.14200260,0.16837230,0.03379665,0.05220747,0.01598392,0.26016204,-0.34360423,0.02934577,0.17630118,-0.06978016,0.17617464,0.20231256,0.00143693,0.07385042,0.39091841,-0.13394509,0.12480026,0.15513821
ENSG00000005059,MCUB,Calcium channels,Mitochondrial calcium uptake - MCU complex,MCU regulatory subunit B (dominant-negative),MCUB | MCU regulatory subunit B (dominant-negative),No,No,ENSG00000005059,MCUB,gene_id,retained,0.70786724,0.40197911,0.14906618,-0.36616142,0.09560627,-0.13332051,-0.30419937,-0.23054508,-0.32029242,-0.12537332,1.24356706,-0.36642812,-0.34281730,0.16512880,1.25640942,-0.51471843,0.91532653,1.45936429,0.68484865,0.82487927,0.87121767,-0.07884409,0.06733465,-0.29482852,1.28484578,0.52845156,-0.08432298,-0.65165074,-0.24647130,-0.57421623,-0.12476792,1.09732252,-0.12333438,-0.07524239,0.49127280
ENSG00000107745,MICU1,Calcium channels,Mitochondrial calcium uptake - MCU complex,MCU gatekeeper (low-Ca²⁺ inhibitor),MICU1 | MCU gatekeeper (low-Ca²⁺ inhibitor),No,No,ENSG00000107745,MICU1,gene_id,retained,-0.18714138,-0.26450889,0.00904803,0.16267812,0.10742271,0.16610462,0.28099667,-0.30378440,0.02918451,0.00943316,0.01403620,-0.38249118,0.02566904,0.12666370,-0.13087635,0.02988918,-0.03726794,-0.04431306,-0.07011114,0.15457624,-0.03118855,-0.08004974,0.01167512,-0.24116848,-0.06857257,-0.53527378,-0.25514455,0.22121257,0.23519599,0.11428309,0.20966806,-0.19662513,-0.29628255,-0.06048010,-0.01825167
ENSG00000165487,MICU2,Calcium channels,Mitochondrial calcium uptake - MCU complex,MCU gatekeeper,MICU2 | MCU gatekeeper,No,No,ENSG00000165487,MICU2,gene_id,retained,-0.24376981,-0.03083680,0.17562256,-0.17145773,0.26553688,-0.09199427,-0.02959668,0.04668759,0.07980825,-0.14535329,-0.60711123,0.02077121,0.20730926,0.18905886,0.01564193,0.01334344,-0.17650966,-0.52686533,0.00297681,-0.22793533,0.21961835,-0.54355099,-0.32434391,-0.39393637,-0.24720663,0.09956472,-0.11940241,-0.04126860,-0.16047627,-0.11205278,-0.14672725,-0.62740463,-0.54563527,0.09394785,-0.23130400
ENSG00000155970,MICU3,Calcium channels,Mitochondrial calcium uptake - MCU complex,MCU gatekeeper (neuronal),MICU3 | MCU gatekeeper (neuronal),No,No,ENSG00000155970,MICU3,gene_id,retained,0.43135366,-0.17192141,0.01862043,-0.06260385,-0.04083891,0.05376505,0.13748349,-0.40975923,0.04390076,0.38652132,-0.01919817,-0.20877677,0.16256973,-0.04306204,0.05730464,0.09160503,0.01327118,-0.31771307,0.35501647,0.33061832,-0.06439702,0.28049241,-0.06630637,0.09855056,0.16944736,0.60902391,0.54476297,0.80423841,0.31267780,0.29599508,-0.34178094,0.50615273,0.08717905,0.68282969,0.39834521
ENSG00000183172,SMDT1,Calcium channels,Mitochondrial calcium uptake - MCU complex,EMRE - essential MCU regulator,SMDT1 | EMRE - essential MCU regulator,No,No,ENSG00000183172,SMDT1,gene_id,retained,-0.12809857,-0.23265770,0.31836613,-0.18483791,0.34070576,-0.17988597,0.26785724,-0.00317503,-0.19827395,-0.00345271,-0.37749978,-0.17295510,0.14000701,-0.27909257,-0.58670152,0.12746559,-0.29823223,-1.00498434,-0.12732550,-0.24656492,-0.17162820,-0.05088297,-0.57151775,-0.05321933,-0.50062791,-0.10047394,-0.29929878,-0.29403390,-0.49739398,-0.64023324,-0.75662816,-0.49086453,-0.77120749,-0.71571776,-0.54126327
ENSG00000050393,MCUR1,Calcium channels,Mitochondrial calcium uptake - MCU complex,MCU regulator 1,MCUR1 | MCU regulator 1,No,No,ENSG00000050393,MCUR1,gene_id,retained,0.09633456,-0.22609952,-0.01037078,-0.01464338,0.18294628,0.16836444,0.03733717,0.01865366,-0.25252244,0.01393780,0.07869819,-0.18648799,-0.27249073,0.00680202,-0.12704901,0.20621167,0.07224387,-0.01502583,0.06388607,0.20550049,-0.18670909,-0.11721674,0.07559259,0.38168043,-0.13104616,-0.11584359,-0.00417251,-0.06465685,0.14778468,-0.17050907,0.01238360,-0.30598772,-0.17568732,-0.27864391,-0.01629491
ENSG00000089060,SLC8B1,Calcium channels; Sodium channels,Mitochondrial calcium efflux; Na⁺/Ca²⁺ exchangers,NCLX - mitochondrial Na⁺/Ca²⁺ exchanger; NCLX (mitochondrial),SLC8B1 | NCLX - mitochondrial Na⁺/Ca²⁺ exchanger; NCLX (mitochondrial),Yes,No,ENSG00000089060,SLC8B1,gene_id,retained,0.21640835,0.15919172,-0.31717139,-0.09336563,-0.32875459,0.15227262,0.26693851,0.09974053,-0.15526012,-0.40181990,0.01722559,0.09719813,-0.37095795,-0.10919766,-0.13526796,-0.45812617,0.29158113,-0.17834206,-0.00409865,-0.41458614,-0.43003606,0.15217014,-0.10048017,-0.52433078,0.67723571,0.08005667,0.26964833,-0.26636857,-0.64867974,-0.43012123,-0.09737203,0.09940364,0.04266057,-0.00312608,-0.02194366
ENSG00000168924,LETM1,Calcium channels,Mitochondrial calcium efflux,H⁺/Ca²⁺ exchanger,LETM1 | H⁺/Ca²⁺ exchanger,No,No,ENSG00000168924,LETM1,gene_id,retained,-0.19705666,0.11469902,0.13354561,-0.11377773,0.25594774,-0.21012626,-0.20851298,0.21737610,0.00790516,0.00436622,-0.10956999,0.31048336,-0.17034054,-0.20952856,0.15789949,-0.07983919,0.02251626,-0.15431576,0.00040770,-0.03272522,-0.02506679,-0.06746559,-0.26103982,-0.21718135,-0.25316987,-0.50473419,0.11318304,-0.13562707,-0.30620246,-0.41742001,-0.24754444,-0.52277992,-0.06453211,-0.41146883,-0.14041474
ENSG00000070808,CAMK2A,Calcium channels,Calcium-activated signaling,CAMKIIα,CAMK2A | CAMKIIα,No,No,ENSG00000070808,CAMK2A,gene_id,retained,0.22220645,-0.35706158,-0.16818859,0.04186131,0.23796246,0.59311512,-0.02489737,0.12959084,-0.67458863,-0.11268783,-0.37878997,0.11832193,0.64933555,0.38638528,-0.43785575,0.20517948,0.29295470,-0.85433613,-0.18050468,-0.02732935,-0.18277475,-0.19426641,-0.08192406,0.43098758,-0.67307030,-0.00922939,-0.00575538,0.13243282,0.35547537,-0.17442508,0.18190385,-1.01806769,-0.92698173,0.26505905,-0.04350390
ENSG00000058404,CAMK2B,Calcium channels,Calcium-activated signaling,CAMKIIβ,CAMK2B | CAMKIIβ,No,No,ENSG00000058404,CAMK2B,gene_id,retained,-0.08493389,-0.07305933,-0.20729796,-0.08084475,0.33799168,0.43122168,0.04544742,-0.38861395,0.02008910,0.03229885,-0.07171995,-0.04471066,0.50350918,0.29374907,-0.37280918,0.14540905,-0.18190595,-0.73364785,-0.13481509,0.01376435,-0.25742853,0.48646514,0.99184326,0.47202063,0.00180776,0.30902462,0.37750945,0.73951761,0.50206762,0.83092702,0.32360116,-0.36743579,0.41384377,0.15009673,0.63829285
ENSG00000145349,CAMK2D,Calcium channels,Calcium-activated signaling,"CAMKIIδ (dominant cardiac, HF driver)","CAMK2D | CAMKIIδ (dominant cardiac, HF driver)",No,No,ENSG00000145349,CAMK2D,gene_id,retained,0.05443925,-0.13479580,-0.28241203,-0.08511459,-0.01702787,0.37137336,0.28223056,-0.32879421,0.14010134,-0.16329368,-0.11804434,-0.25322699,0.06467573,0.12830227,0.04520757,0.21389515,-0.32547885,-0.13251049,0.06226165,0.01813101,-0.04493632,-0.07332754,0.68822810,0.23185721,-0.12725336,-0.07455992,-0.01657238,0.51369886,0.31046931,0.39009007,0.16601509,-0.63419007,0.01144163,0.03843597,0.09589131
ENSG00000148660,CAMK2G,Calcium channels,Calcium-activated signaling,CAMKIIγ,CAMK2G | CAMKIIγ,No,No,ENSG00000148660,CAMK2G,gene_id,retained,0.08164055,0.07747211,0.06950247,0.05980694,-0.18654779,0.09727307,-0.30281422,-0.07398109,0.17764795,0.20462364,0.08536532,0.02786531,0.17459292,-0.06991739,-0.58566582,0.26609037,0.05847852,0.09315520,0.01856390,-0.22451709,-0.72868153,-0.00045841,-0.13709623,-0.25733063,-0.12361262,-0.17022008,-0.22273855,0.08975000,-0.12702048,0.09869464,-0.02553799,0.70578855,-0.03235582,0.09500414,0.21270899
ENSG00000138814,PPP3CA,Calcium channels,Calcium-activated signaling,Calcineurin Aα,PPP3CA | Calcineurin Aα,No,No,ENSG00000138814,PPP3CA,gene_id,retained,0.07495876,-0.05896106,0.34067021,-0.22982777,0.21624172,0.02693210,-0.08369937,-0.15297751,-0.13333708,0.03555565,-0.08498895,0.23918562,-0.04648062,0.27693794,0.11659599,0.18982267,0.35988579,0.20695346,0.05413883,0.04509509,-0.03941833,0.07278090,-0.27133365,-0.55738422,0.13992021,-0.05319402,-0.53106533,-0.11251083,-0.30572180,-0.46315717,-0.15449898,0.01964935,0.05302558,-0.11234864,-0.30186964
ENSG00000107758,PPP3CB,Calcium channels,Calcium-activated signaling,Calcineurin Aβ,PPP3CB | Calcineurin Aβ,No,No,ENSG00000107758,PPP3CB,gene_id,retained,0.15519183,-0.19758728,-0.06474241,-0.05455259,0.10003880,-0.10807276,0.03624372,0.05384751,0.07963319,-0.12238732,0.16880019,-0.01292528,0.20150105,0.16529000,0.00972666,0.20365911,0.00706054,-0.37010801,-0.14086566,0.22946010,0.09821815,-0.14131829,0.08853863,0.12392957,-0.20228442,0.20226043,-0.21278221,0.06571264,0.07861461,0.02331703,-0.11181659,-0.17365591,-0.10028846,0.27875579,0.17319336
ENSG00000120910,PPP3CC,Calcium channels,Calcium-activated signaling,Calcineurin Aγ,PPP3CC | Calcineurin Aγ,No,No,ENSG00000120910,PPP3CC,gene_id,retained,0.32278601,0.20577753,-0.17460964,-0.19679901,0.08863082,-0.53550829,0.31233863,-0.01430896,-0.00830709,-0.55825126,-0.28048033,-0.29119058,-0.31835087,0.01259449,-0.20982932,-0.31273841,-0.29958786,-0.11065613,0.02676714,-0.10144458,0.01333106,-0.15090900,-0.11997258,-0.20248731,0.03080971,0.02850862,-0.66608975,-0.23456081,-0.48979801,-0.40037943,-0.34384425,-0.75867069,-0.09884018,-0.47951386,-0.72484947
ENSG00000221823,PPP3R1,Calcium channels,Calcium-activated signaling,Calcineurin B1,PPP3R1 | Calcineurin B1,No,No,ENSG00000221823,PPP3R1,gene_id,retained,0.11161253,0.10278647,-0.14856608,-0.04303312,0.05691020,-0.11148420,-0.00409144,0.04984073,-0.01397508,-0.17547338,0.29350693,0.02960201,-0.16733237,0.36213028,0.16990857,-0.16251143,0.11640050,0.25407800,0.33182083,-0.32633799,0.10337755,0.12952881,0.18093831,0.06552496,0.14217343,0.33442362,0.01016005,0.17252856,-0.24857004,-0.06227136,0.20832156,0.20305223,-0.13476725,-0.05655009,0.17526611
ENSG00000144935,TRPC1,Calcium channels,TRP channels (Ca²⁺-permeable),TRPC1 (mechanosensitive),TRPC1 | TRPC1 (mechanosensitive),No,No,ENSG00000144935,TRPC1,gene_id,retained,0.19851347,-0.17815270,-0.31878526,0.36963365,-0.17483313,-0.09366126,0.78606820,-0.29000379,-0.29877919,0.18756715,-0.06856113,0.00758120,0.44666841,0.06754850,0.30599853,0.36330143,0.27135841,-0.32126437,0.20199339,0.17020732,0.20287740,0.44558964,0.71340015,0.57427304,0.34312688,0.72552807,0.52452373,0.61153817,0.93082127,0.56631119,0.62534375,0.61624086,0.32266124,0.46297613,0.34087170
ENSG00000138741,TRPC3,Calcium channels,TRP channels (Ca²⁺-permeable),TRPC3 (hypertrophy),TRPC3 | TRPC3 (hypertrophy),No,No,ENSG00000138741,TRPC3,gene_id,retained,-0.57684525,-1.25148425,1.11306012,1.23655751,-0.88194221,0.73587894,0.83679811,0.70298901,-1.91501198,-1.50206565,0.96488916,2.57981382,0.82898434,0.57917945,1.20848044,1.54930243,-0.27334863,-0.72516717,0.73756441,-1.01537095,1.40208394,-1.26972436,0.28502324,-1.21372278,0.69638521,0.32691253,1.02189032,1.35138947,-0.70368734,1.81675637,-0.00492666,1.83375185,0.39302146,0.52987434,-1.46601684
ENSG00000133107,TRPC4,Calcium channels,TRP channels (Ca²⁺-permeable),TRPC4,TRPC4 | TRPC4,No,No,ENSG00000133107,TRPC4,gene_id,retained,-3.24427425,1.68397116,-1.86391325,-0.58287458,1.91921211,1.59255723,0.52325695,0.89915378,-0.92708915,-0.59903172,0.32130690,-1.10355672,-0.48348776,0.58077722,0.36558938,-2.05440097,-0.05325235,0.47530029,-0.37559889,-0.88727046,1.59423982,1.21827207,-0.19045445,0.25962687,2.24618692,-0.53099371,-0.18748829,1.60234671,-0.48359106,-1.72850076,-1.82435875,1.96587940,-0.99031152,0.69594268,-0.05278817
ENSG00000137672,TRPC6,Calcium channels,TRP channels (Ca²⁺-permeable),TRPC6 (pathological hypertrophy),TRPC6 | TRPC6 (pathological hypertrophy),No,No,ENSG00000137672,TRPC6,gene_id,retained,0.39533580,-0.37472276,-0.78723940,1.09413544,-0.89826552,0.14797215,-0.68431735,-0.07439557,1.18149720,0.39307436,1.04215225,-1.06049715,0.04893304,-5.41442378,0.54261093,-0.73671902,-0.17243426,2.08965755,-0.55268163,1.16737708,0.29191233,-0.00593975,-0.29267575,-1.53490068,0.40717970,0.50006702,1.42871715,0.96067065,0.22949958,-0.56693801,0.83727761,2.32745778,-1.13729783,0.69412328,0.53473337
ENSG00000083067,TRPM3,Calcium channels,TRP channels (Ca²⁺-permeable),TRPM3,TRPM3 | TRPM3,No,No,ENSG00000083067,TRPM3,gene_id,retained,-0.64778732,-1.02191720,0.92205148,1.39489425,-0.51151263,-1.56739379,0.02889045,1.19371283,0.20906193,0.56104025,-0.18405542,-0.47206334,0.53365028,0.00447097,0.23462257,0.09001773,-0.15481289,-0.12120461,0.19867331,0.36223028,0.53415951,-0.17581242,-0.21858622,-0.04073927,-1.67495179,-0.08506645,0.22988028,-0.66882179,0.53203193,0.55140230,0.06852119,0.46995640,0.49051477,-1.06652921,-0.59111467
ENSG00000130529,TRPM4,Calcium channels,TRP channels (Ca²⁺-permeable),TRPM4 (stretch response),TRPM4 | TRPM4 (stretch response),No,No,ENSG00000130529,TRPM4,gene_id,retained,-0.43354051,-0.16090647,0.25810888,-0.43213617,-0.13988252,-0.01212262,0.46230056,0.22619260,0.23198625,-0.28492773,-0.13950655,0.35416279,-0.06730075,-0.14646762,-0.31156917,0.16447643,-0.36272410,-0.63418568,0.25840013,-0.75504123,-0.09946933,0.15306531,0.34423377,0.17163776,0.28961600,0.78775410,0.54159006,0.22648706,0.56017633,0.58151328,0.33482866,-0.27230759,0.75076051,0.31118726,0.28296670
ENSG00000092439,TRPM7,Calcium channels; Magnesium channels,TRP channels (Ca²⁺-permeable); Plasma membrane Mg²⁺ uptake,TRPM7 (Mg²⁺ + Ca²⁺ channel + kinase); TRPM7 (ubiquitous Mg²⁺/Ca²⁺ channel + kinase),TRPM7 | TRPM7 (Mg²⁺ + Ca²⁺ channel + kinase); TRPM7 (ubiquitous Mg²⁺/Ca²⁺ channel + kinase),Yes,No,ENSG00000092439,TRPM7,gene_id,retained,0.61196755,-0.01365259,0.00759196,0.58071949,-0.33125477,-0.13912260,-0.28051207,-0.18070511,-0.25503187,-0.44438387,-0.74699414,0.04212849,0.21327543,-0.16761400,0.46276517,0.06576399,-0.00608903,-0.95188857,-0.32018523,0.24621099,0.34099340,-0.48496590,-0.73075002,-0.14434077,-0.47046628,0.05601271,-0.54348535,-0.70956392,-0.31442874,0.21860434,-0.58143468,-0.84376595,0.23701220,-0.53022899,-0.82980465
ENSG00000196689,TRPV1,Calcium channels,TRP channels (Ca²⁺-permeable),TRPV1 (cardiac ischemia/stretch),TRPV1 | TRPV1 (cardiac ischemia/stretch),No,No,ENSG00000196689,TRPV1,gene_id,retained,-0.07772503,0.33664098,-0.49625450,-0.06399130,0.69531521,0.13852004,-0.32928763,0.00590325,-0.20912103,-0.56679068,-0.74317989,-0.36511278,-0.63024363,-0.48129610,-0.87684598,-0.36795693,-0.50906298,-0.71660108,-0.15447577,-0.76609313,-0.18829812,0.53885860,-0.28258411,0.36353463,-0.38034624,0.67756094,0.30901899,0.01492211,-0.21741972,0.13433692,-0.46528749,-0.40911181,0.94715386,-0.19852516,0.06693169
ENSG00000187688,TRPV2,Calcium channels,TRP channels (Ca²⁺-permeable),TRPV2,TRPV2 | TRPV2,No,No,ENSG00000187688,TRPV2,gene_id,retained,-0.29157238,-0.16702065,0.34920581,-0.03611963,-0.36854667,-0.53157180,0.10238136,0.78677798,0.15646597,-0.13658190,0.97083944,0.57877366,-0.71882028,-0.03086230,0.05461749,-0.29353506,0.09921064,0.44949423,0.59909117,-0.30875430,0.39193611,0.02243061,-0.17314417,-0.20571125,0.88417153,0.34025179,0.26471143,0.11392498,-0.06856429,-0.14236266,0.39644447,0.84958122,0.15235960,0.06249999,0.19822902
ENSG00000118762,PKD2,Calcium channels,TRP channels (Ca²⁺-permeable),Polycystin-2 (Ca²⁺ leak channel),PKD2 | Polycystin-2 (Ca²⁺ leak channel),No,No,ENSG00000118762,PKD2,gene_id,retained,0.45318965,0.20026802,-0.08222096,0.45779576,-0.37713223,0.02241195,-0.18051434,-0.14420457,-0.34959329,0.12095330,0.38802989,0.10033783,0.31607400,0.14283409,0.33493695,0.06565136,0.25737631,0.20293041,0.13715041,0.94234517,-0.32915147,0.39777426,0.21534567,-0.32766943,-0.03185961,0.26085148,0.07487720,0.37844981,0.49579932,0.28018711,0.79045243,1.56278014,0.95549887,0.44000584,0.33124966
ENSG00000198668,CALM1,Calcium channels,Calmodulin (Ca²⁺ sensor),Calmodulin 1,CALM1 | Calmodulin 1,No,No,ENSG00000198668,CALM1,gene_id,retained,-0.03456053,0.13529443,0.53036510,-0.36363961,0.08072350,-0.36967013,-0.22794945,0.10884569,0.14059100,0.19634591,-0.17064625,-0.13055282,-0.01937819,0.14736708,0.31258998,-0.17812689,-0.11984969,-0.31947581,0.20510308,-0.02402420,0.31446410,-0.49285234,0.33027542,0.03558824,-0.37032364,-0.55441362,-0.00977274,0.08981135,-0.08528251,-0.26818503,0.10964342,-0.27278270,-0.11594329,0.01506330,-0.28098162
ENSG00000143933,CALM2,Calcium channels,Calmodulin (Ca²⁺ sensor),Calmodulin 2,CALM2 | Calmodulin 2,No,No,ENSG00000143933,CALM2,gene_id,retained,-0.20385479,-0.06226691,0.75502759,-0.35581654,-0.03158534,-0.38675646,-0.38480472,0.13655729,0.53349988,-0.28161553,0.00249398,-0.28733471,-0.04252412,0.02408354,0.44258315,0.17291329,0.18071198,0.33733948,0.11057254,-0.41706553,0.28124940,-0.54841451,-0.22347338,-0.24508012,-0.44574983,-0.09900700,0.19957025,-0.39096300,-0.21154183,-0.22962710,-0.15521766,-0.11438283,-0.18893525,0.21809372,0.11842066
ENSG00000160014,CALM3,Calcium channels,Calmodulin (Ca²⁺ sensor),Calmodulin 3,CALM3 | Calmodulin 3,No,No,ENSG00000160014,CALM3,gene_id,retained,-0.27887049,-0.01160392,0.25795448,-0.12790378,0.35035978,-0.25246479,0.03048807,-0.25617537,0.28821603,0.02863606,0.16121945,-0.09866384,-0.29068276,0.16826283,0.10355596,-0.20300480,0.11745461,0.29336215,-0.03464820,-0.36872167,0.54452344,0.22559395,0.28231419,-0.25922780,-0.31666979,-0.30849485,0.00656327,-0.22557514,-0.09989250,-0.42434477,-0.15592027,-0.05288122,-0.15526906,-0.06770329,-0.11119928
ENSG00000182255,KCNA4,Potassium channels,Voltage-gated K⁺ (Kv) - repolarization currents,Kv1.4 (atrial transient outward),KCNA4 | Kv1.4 (atrial transient outward),No,No,ENSG00000182255,KCNA4,gene_id,retained,0.77632231,0.32295019,-0.54554746,1.13476140,-1.40467643,1.17617054,-0.71943302,-1.29390492,0.55335740,0.55621544,0.76145278,0.25788833,1.49663728,0.56865139,-0.14254971,0.55631980,0.65880259,0.47719010,-0.90043958,1.46569084,-0.29995154,-0.37446776,1.51643514,0.77159751,-0.55135127,1.49626346,0.21984817,1.47987167,1.12670116,1.39080511,0.65894519,0.62892396,0.55339352,0.15107947,1.12763552
ENSG00000130037,KCNA5,Potassium channels,Voltage-gated K⁺ (Kv) - repolarization currents,Kv1.5 (atrial IKur),KCNA5 | Kv1.5 (atrial IKur),No,No,ENSG00000130037,KCNA5,gene_id,retained,-0.25935763,-0.85215378,1.45384484,1.05140406,-0.19693954,-0.37655398,-0.23546437,-0.12588410,-0.45889549,0.58386757,-0.81804372,0.10038712,0.24320229,0.24388256,0.75709386,-0.04695778,1.22161200,-0.62081401,0.75310830,-0.73189385,-1.27067441,-0.46858009,-0.42586779,-0.36552994,0.94131473,1.31876034,1.13528154,0.96375496,0.39707256,0.71068562,0.69593723,1.87244108,0.76483545,1.14768054,1.19503110
ENSG00000158445,KCNB1,Potassium channels,Voltage-gated K⁺ (Kv) - repolarization currents,Kv2.1,KCNB1 | Kv2.1,No,No,ENSG00000158445,KCNB1,gene_id,retained,-1.03763575,0.10182800,0.75423674,1.26374390,0.52522494,-1.91409299,1.38446919,-1.33308663,0.25531262,0.70583347,-1.24132852,-0.26191504,0.30574016,0.81256191,-0.59389459,0.94183005,-1.06390493,-0.75647644,1.33403991,-0.32227726,-1.23000100,-0.35682140,0.47599705,-0.25802489,0.50911917,-0.34025652,-0.81337406,-0.27847763,-0.27828107,-0.49093040,-0.00744168,0.25600857,0.07376546,-1.25239767,-1.74886487
ENSG00000171385,KCND3,Potassium channels,Voltage-gated K⁺ (Kv) - repolarization currents,"Kv4.3 (main cardiac Ito,f)","KCND3 | Kv4.3 (main cardiac Ito,f)",No,No,ENSG00000171385,KCND3,gene_id,retained,0.01676697,0.43051689,0.00879599,-0.29961383,0.23026804,-0.47841511,-0.15060716,-0.18828025,0.43056846,0.08499220,-0.77893169,0.10576492,0.12390594,0.01410014,0.49329985,-0.31933959,0.06069497,-0.81524306,0.21896197,0.52888455,-0.28615331,-0.80035753,-0.61715620,-0.18908018,-0.36128962,-0.34333874,-1.00537540,-0.64611303,-0.55341487,-1.06925358,-0.74773898,-1.43289760,-0.27943422,-0.63580513,-1.25393557
ENSG00000053918,KCNQ1,Potassium channels,Voltage-gated K⁺ (Kv) - repolarization currents,"Kv7.1 (IKs α, LQT1)","KCNQ1 | Kv7.1 (IKs α, LQT1)",No,No,ENSG00000053918,KCNQ1,gene_id,retained,-0.12688787,-0.28907154,0.27299462,-0.64294073,0.34187566,-0.18441336,0.49444052,0.19184806,-0.05784537,0.11998302,0.22399465,0.06703428,-0.02671050,0.06693709,-0.36318610,-0.16688213,-0.12164184,-0.57346039,-0.05776277,0.11629459,-0.21031152,-0.12520768,-0.10269811,-0.09118825,-0.06064725,-0.22277696,-0.46139626,-0.47106269,-0.11693047,-0.50826051,-0.35234312,-0.99244865,-0.51266346,-0.23407919,-0.32150016
ENSG00000055118,KCNH2,Potassium channels,Voltage-gated K⁺ (Kv) - repolarization currents,"Kv11.1 / hERG (IKr α, LQT2, drug target)","KCNH2 | Kv11.1 / hERG (IKr α, LQT2, drug target)",No,No,ENSG00000055118,KCNH2,gene_id,retained,0.19048654,-0.36576432,-0.08265310,-0.21532534,0.12019030,-0.21175993,0.07828792,0.49324232,-0.00670440,0.17378646,0.37853945,0.33818597,0.05356598,-0.15477504,-0.24950417,-0.26125837,-0.26016046,0.10153444,-0.12366850,0.01728685,-0.37346827,-0.39240384,-0.26512588,0.04243332,-0.34598480,-0.57577280,-0.58030604,-0.61298677,-0.46732463,-0.72005445,-0.53693102,-1.83708425,-0.23225865,-0.60541573,-1.07436385
ENSG00000180509,KCNE1,Potassium channels,Voltage-gated K⁺ (Kv) - repolarization currents,"minK (IKs β, LQT5)","KCNE1 | minK (IKs β, LQT5)",No,No,ENSG00000180509,KCNE1,gene_id,retained,0.40262793,-0.26407325,0.77146267,-0.77225832,1.14932308,-1.03683422,-0.86028906,-0.34328921,0.95333039,0.75282566,0.92768359,1.18616652,-0.56681103,-0.12940336,-0.75385896,1.90889112,-0.24496585,0.60577838,-1.41159100,0.22357881,1.36574395,-0.05230776,-0.00298390,1.39384014,0.88088719,0.10375655,-0.06672355,0.01687238,0.99674356,1.14788327,1.47844184,0.95183743,0.33033014,1.56631368,0.53027231
ENSG00000175538,KCNE3,Potassium channels,Voltage-gated K⁺ (Kv) - repolarization currents,MiRP2,KCNE3 | MiRP2,No,No,ENSG00000175538,KCNE3,gene_id,retained,0.72159640,-1.55172881,1.04366553,-0.08213790,-1.00710007,-0.41641505,0.46010149,0.52303868,0.30897973,0.01167780,1.46236422,0.71693523,-0.32908814,0.36913270,0.37705379,-0.03362591,-0.07200566,1.64407026,0.65515620,0.88138597,0.30979072,0.59477584,0.22192635,-0.79573832,1.54648069,0.36564076,-0.66669688,-0.93957728,-0.39673418,-0.56474124,0.30463535,0.68901845,-1.07236531,0.54596241,0.35635789
ENSG00000169282,KCNAB1,Potassium channels,Voltage-gated K⁺ (Kv) - repolarization currents,Kvβ1,KCNAB1 | Kvβ1,No,No,ENSG00000169282,KCNAB1,gene_id,retained,0.13996632,-0.16553181,0.53560241,0.64104439,-0.24292736,0.00113402,-0.70470715,-0.05395165,-0.15062916,0.21124298,0.33521111,0.21111751,-0.50569697,-0.40640517,-0.67925473,0.09196714,-0.04114089,0.44074888,0.42494002,0.13234051,0.41468330,0.12026294,-0.39323591,-0.59835920,-0.06524958,0.15450265,0.12330812,0.15501970,0.00900225,0.00635191,-0.33820978,0.97912822,0.91519771,1.01209960,0.62136898
ENSG00000069424,KCNAB2,Potassium channels,Voltage-gated K⁺ (Kv) - repolarization currents,Kvβ2,KCNAB2 | Kvβ2,No,No,ENSG00000069424,KCNAB2,gene_id,retained,0.00241290,0.81910824,-0.09853892,-0.77546465,0.08270652,-0.31888969,0.05278050,0.20016994,0.03571516,-0.16675533,-0.19288092,0.16472958,0.77167282,-0.14751177,-0.01697265,0.33977203,-0.06927966,-0.75216944,0.89007648,0.26107071,-0.69279604,-0.52993032,0.23580066,0.59043842,0.67183296,-0.49531113,0.00187252,1.07162187,0.35954722,0.06801640,-0.40333471,-0.11044824,0.35038557,-0.21499599,-0.21228531
ENSG00000120049,KCNIP2,Potassium channels,Voltage-gated K⁺ (Kv) - repolarization currents,KChIP2 (Ito modulator),KCNIP2 | KChIP2 (Ito modulator),No,No,ENSG00000120049,KCNIP2,gene_id,retained,-1.92132917,0.69537663,-1.15739896,-2.94763010,1.87995488,1.73482545,1.86860458,0.91877916,-1.07118247,-3.19511279,-5.16291067,-1.15549958,-2.79006222,-1.46979645,-1.92340597,-1.58101754,-1.36986388,-4.82629905,0.37762655,-3.85516805,1.21986179,1.92928760,-3.63524948,-0.98928480,-4.45780139,-1.76569189,-0.13398222,0.16107458,-2.41678616,-2.60142668,-0.82657845,-1.39016698,-0.55381268,0.91487688,-0.80663529
ENSG00000130226,DPP6,Potassium channels,Voltage-gated K⁺ (Kv) - repolarization currents,Dipeptidyl peptidase 6 (Kv4 accessory),DPP6 | Dipeptidyl peptidase 6 (Kv4 accessory),No,No,ENSG00000130226,DPP6,gene_id,retained,-4.11184656,0.14897420,-0.40955746,3.95120841,1.71645561,-4.15275932,1.18541763,-0.48520953,2.15731703,1.74166729,1.05437872,1.89676744,3.54689741,-1.37085935,0.93360195,-3.76997018,1.04963107,-4.26016848,1.55082535,-2.60283968,0.60637328,3.46112376,1.77409607,-3.90072718,-4.06100852,0.75830284,-0.78375858,0.04289670,-1.91676055,0.11287815,-1.74851458,-0.17178207,-1.73758959,0.47513816,-1.34566631
ENSG00000123700,KCNJ2,Potassium channels,Inward rectifier K⁺ (Kir),"Kir2.1 (cardiac IK1, Andersen)","KCNJ2 | Kir2.1 (cardiac IK1, Andersen)",No,No,ENSG00000123700,KCNJ2,gene_id,retained,0.99479520,-0.34315399,-0.51052577,0.13768285,-0.26150842,0.40107496,-0.25342242,-0.59654206,0.43159966,-0.09300288,-1.24383136,-0.58423831,0.94050942,0.08336312,-0.66137449,-0.15611280,0.12845765,-0.64835747,-0.08474359,0.03434474,-0.37674004,0.55382684,-0.23789409,0.78541714,-0.09667394,0.62723052,-0.01664248,0.29552045,-0.04225648,0.52273002,-0.43225255,-1.59022041,-0.15077257,0.51110694,-0.03227960
ENSG00000168135,KCNJ4,Potassium channels,Inward rectifier K⁺ (Kir),Kir2.3 (atrial),KCNJ4 | Kir2.3 (atrial),No,No,ENSG00000168135,KCNJ4,gene_id,retained,0.89897563,-0.77081397,-0.63949807,-0.23913403,-0.69681584,0.69721716,0.22345501,0.00603090,0.52058322,-0.42934977,0.20536614,-0.00559179,0.45818823,0.29463770,-0.56386125,0.62230837,0.31907001,-1.19687887,0.14452911,0.94309833,-0.15746840,-0.72837991,0.09282588,1.03362091,0.52049284,0.33978217,1.23329556,1.49700069,0.82199635,1.20802037,0.58886992,0.03178044,1.31902279,0.60746376,1.34738540
ENSG00000184185,KCNJ12,Potassium channels,Inward rectifier K⁺ (Kir),Kir2.2,KCNJ12 | Kir2.2,No,No,ENSG00000184185,KCNJ12,gene_id,retained,0.04113366,0.28331738,-0.47837767,-0.33670451,-0.54958583,0.34458037,0.36858373,0.20646799,0.12058487,-0.76739462,-1.09885469,0.28072228,-0.19848505,-0.39316189,0.29770787,-0.59407999,0.07843234,-1.44684837,0.17165366,-0.48139727,-0.10233133,-0.50707776,-0.18062090,0.18762540,-0.85668992,-0.79739338,-0.48381936,-0.16499793,-0.03554345,-0.45539275,0.65651964,-0.81753173,0.05403545,0.15343335,-0.29876011
ENSG00000182324,KCNJ14,Potassium channels,Inward rectifier K⁺ (Kir),Kir2.4,KCNJ14 | Kir2.4,No,No,ENSG00000182324,KCNJ14,gene_id,retained,1.44289220,0.12592449,-1.26797647,0.54357692,-1.08949598,0.04289834,0.35794232,-0.60666294,0.45090111,0.97487875,1.66676818,0.93362744,-0.65249215,-1.69876364,1.53858346,0.42568748,1.14914800,1.78696666,-1.39598878,-1.05627485,-1.43773804,0.84464997,1.02088594,1.32595738,0.13464915,-1.80664065,1.50724696,-0.28500759,-0.65970234,-0.21502614,0.73093605,0.77040280,1.87936456,-1.63703744,0.56346859
ENSG00000162989,KCNJ3,Potassium channels,Inward rectifier K⁺ (Kir),"Kir3.1 (IKACh, atrial)","KCNJ3 | Kir3.1 (IKACh, atrial)",No,No,ENSG00000162989,KCNJ3,gene_id,retained,-0.85704568,0.66026663,1.22572369,2.34260851,-2.42962295,-2.83286342,1.09921767,-1.17185647,1.96357203,2.20070995,1.91340877,1.28367185,3.00491964,3.05731500,2.81686918,-1.32808376,3.79585977,-0.03905073,-0.04309351,2.76059287,-2.98431590,-3.02385598,1.04439731,1.26834382,1.62675176,0.90634371,-1.22939742,0.54067433,0.04902686,-3.28272001,1.01373943,2.02031206,0.65673115,2.90439145,1.02777906
ENSG00000120457,KCNJ5,Potassium channels,Inward rectifier K⁺ (Kir),"Kir3.4 (IKACh, atrial)","KCNJ5 | Kir3.4 (IKACh, atrial)",No,No,ENSG00000120457,KCNJ5,gene_id,retained,-0.74616934,-0.64892728,0.00126980,-0.62739051,1.27707324,0.28374848,1.89943789,0.16605879,-1.60510107,-0.11135563,0.79762313,0.62002660,-0.43699805,-0.03704203,0.99030518,-0.46100007,0.06291361,-0.27997056,-1.34913493,-0.18756651,0.89975262,1.20077369,0.75819542,0.33745191,0.13956265,0.34287776,-1.47066320,-0.75400307,0.22115953,0.14036264,0.37778252,-1.22557105,0.60001268,0.47774694,-0.52791828
ENSG00000121361,KCNJ8,Potassium channels,Inward rectifier K⁺ (Kir),Kir6.1 (vascular KATP),KCNJ8 | Kir6.1 (vascular KATP),No,No,ENSG00000121361,KCNJ8,gene_id,retained,0.14300002,0.18618661,-0.02387249,-0.04361856,-0.05059600,-0.29745524,-0.24021436,0.61423565,-0.28766562,0.05114173,-1.19436085,0.04661125,-0.28695491,-0.38378015,-0.16483975,0.02975374,-0.77683549,-1.18544017,-0.54131774,-0.23604297,0.91799424,-0.31112009,-0.51651593,0.17745605,-0.57750922,-0.66943157,0.07653776,0.15691548,-0.16156758,-0.42833258,-0.26557660,-1.35610557,-0.49571804,0.01303400,-0.82067902
ENSG00000187486,KCNJ11,Potassium channels,Inward rectifier K⁺ (Kir),Kir6.2 (cardiac KATP),KCNJ11 | Kir6.2 (cardiac KATP),No,No,ENSG00000187486,KCNJ11,gene_id,retained,0.10129566,0.13661915,-0.36707538,-0.21454840,0.36386019,-0.12033091,0.50842745,-0.10122619,-0.30702156,-0.41991671,-0.87250391,-0.37580514,0.28640805,0.22966813,-1.36640048,-0.43572715,-0.88200394,-1.64478437,0.31846659,-0.10802923,-0.21907467,0.57174466,-0.18289002,-0.41116609,-0.12562548,-0.93245690,-0.41779456,0.49045517,-0.63135980,-0.25838023,-1.33785224,-1.89601172,-0.32249046,-0.89781264,-0.77266951
ENSG00000006071,ABCC8,Potassium channels,Inward rectifier K⁺ (Kir),SUR1 (KATP regulatory),ABCC8 | SUR1 (KATP regulatory),No,No,ENSG00000006071,ABCC8,gene_id,retained,0.21648864,0.11288518,0.29202356,-2.47432814,0.75938859,1.82622004,0.61620505,-0.31281355,-1.03606937,-0.52002955,-0.95169772,0.09694109,-1.02810153,-0.86380604,-0.20380825,1.42996766,-0.00633557,-0.95085811,0.65261099,0.82880623,-0.30911620,1.50106944,3.53120945,0.52504216,0.94775914,1.14848396,2.02472238,1.02634524,0.52190579,1.40633042,0.18023996,0.29058243,2.19282609,0.62109805,1.66478510
ENSG00000069431,ABCC9,Potassium channels,Inward rectifier K⁺ (Kir),SUR2 (cardiac KATP regulatory),ABCC9 | SUR2 (cardiac KATP regulatory),No,No,ENSG00000069431,ABCC9,gene_id,retained,-0.15933968,-0.11709575,0.13151775,0.16530327,-0.29368937,0.23727639,0.27766815,-0.22727933,-0.01436143,-0.30843179,-0.97094488,-0.02643739,-0.01548326,-0.16797193,-0.03486114,0.05869610,-0.38557465,-1.08742494,0.18531092,-0.71939108,0.24965908,0.11668322,-0.76233229,-0.33079136,-0.29024936,-0.89244504,-0.18711913,-0.01249649,-0.41686688,-0.13444139,-0.26500801,-0.92929635,-0.80634939,0.28736308,-0.48013278
ENSG00000135750,KCNK1,Potassium channels,Two-pore K⁺ (K2P) - background current,TWIK1,KCNK1 | TWIK1,No,No,ENSG00000135750,KCNK1,gene_id,retained,0.17263483,0.66169149,-0.41097966,1.07758535,0.88913119,-1.45524696,0.38719662,-1.53715035,0.21513749,1.66896643,1.34893184,0.68854399,1.66021406,0.93925914,0.98032785,-0.94567253,0.66564011,-0.25830360,0.48329318,1.27869561,-0.43530785,-0.60659219,0.99684392,0.21144614,0.90817154,0.01235822,-1.64266488,0.24330457,0.23881374,-0.59787141,0.03038865,-0.32223118,0.99796885,-0.93555821,-1.29061244
ENSG00000082482,KCNK2,Potassium channels,Two-pore K⁺ (K2P) - background current,TREK1 (mechanosensitive),KCNK2 | TREK1 (mechanosensitive),No,No,ENSG00000082482,KCNK2,gene_id,retained,2.67031706,0.83129124,1.77908163,-1.09118901,0.73516971,-4.24096043,-0.55989577,-1.95192226,1.82810782,-1.95534306,-1.43592083,0.47672277,1.68236827,-0.61106355,0.04893424,-1.05081637,0.49576639,-2.02644149,1.86924950,-1.46864836,1.54919907,0.04253298,-3.86869389,-0.28848857,-4.14920963,0.26956380,-0.21988299,-1.42381603,-0.86745813,-0.60335418,1.19890822,0.04487141,1.52470655,1.54126520,1.11632966
ENSG00000171303,KCNK3,Potassium channels,Two-pore K⁺ (K2P) - background current,TASK1 (atrial),KCNK3 | TASK1 (atrial),No,No,ENSG00000171303,KCNK3,gene_id,retained,0.06080515,0.47342930,0.47344255,-0.43237221,-0.76129172,-0.81458971,-0.77466759,2.30212538,-0.52688117,1.83000615,2.68232759,0.72129151,-1.41589664,-1.44839998,2.13762705,-1.86375145,0.69637783,1.83848265,-0.90272527,-0.26131105,1.90676803,-0.23153602,-2.17592976,1.15715434,0.24141107,-0.53036418,0.51199728,-1.64635473,-0.20864133,-1.00187055,-0.09124450,1.05091032,0.81574811,-1.85781638,-0.79481387
ENSG00000099337,KCNK6,Potassium channels,Two-pore K⁺ (K2P) - background current,TWIK2,KCNK6 | TWIK2,No,No,ENSG00000099337,KCNK6,gene_id,retained,-0.13789006,1.05875707,-1.09297196,-0.59097026,-0.14871902,1.04081118,0.25165395,0.40582316,-0.78649406,-0.34020290,1.15595057,-0.62053040,-0.44695326,0.18751982,-0.46241154,-0.06196557,-0.03935045,0.77636874,-0.19495298,0.24308139,-0.10770274,0.19951340,0.40959715,0.62819708,0.35087632,-0.02262817,-0.69192477,0.87578306,-0.32086237,-0.40544711,0.15815808,1.28883893,1.08166265,0.59874541,0.66460787
ENSG00000080709,KCNN2,Potassium channels,Ca²⁺-activated K⁺ (SK/IK/BK),"SK2 (atrial, P cells, AF)","KCNN2 | SK2 (atrial, P cells, AF)",No,No,ENSG00000080709,KCNN2,gene_id,retained,0.22204687,-0.75156624,-0.86788299,0.18972757,1.00511711,0.33259268,0.20114026,-0.16238633,-0.16878893,-1.65078389,-2.29612094,0.29628953,0.32233066,0.12782844,-0.26450487,-0.57503278,0.59981625,-2.14323359,-0.31527013,-0.38805747,-0.28441565,0.30650310,0.22008578,-1.45345196,-1.78449732,-0.88310534,-0.44494790,-0.51137742,-0.32771797,-0.08320950,-1.01821348,-2.21143438,-1.05209628,-0.14516473,-0.52024821
ENSG00000143603,KCNN3,Potassium channels,Ca²⁺-activated K⁺ (SK/IK/BK),SK3 (atrial),KCNN3 | SK3 (atrial),No,No,ENSG00000143603,KCNN3,gene_id,retained,1.03564929,-0.22314646,0.48047303,0.91982513,-2.20482683,0.97308215,-1.94366970,1.17151778,-0.20890439,-0.17371455,0.75336565,1.23480909,0.63008844,0.23767916,1.47373695,0.34766637,1.65623003,0.62268011,0.09202140,0.44933610,-0.67859977,-0.56512824,0.53184446,-0.56462178,0.92159089,1.75407597,0.44760600,0.80919183,1.45657777,1.13480001,1.42823507,1.33320025,0.52302562,2.16476149,1.91011479
ENSG00000104783,KCNN4,Potassium channels,Ca²⁺-activated K⁺ (SK/IK/BK),SK4/IK,KCNN4 | SK4/IK,No,No,ENSG00000104783,KCNN4,gene_id,retained,-0.13852380,0.36288831,0.45848384,0.02718071,0.46449714,0.09886459,-0.89541948,0.21036458,-0.58833589,0.20694378,0.95015978,0.10295671,0.06097918,-0.22965942,1.72579425,0.62604364,0.28280931,1.16979268,0.15800434,-0.55961491,-0.64047378,-0.25259264,1.35248664,-2.31206828,0.46624984,0.06337996,-0.21818329,0.86971534,-0.96197374,0.22550893,0.85608587,-0.55510879,0.03164156,-0.93104123,1.50411741
ENSG00000156113,KCNMA1,Potassium channels,Ca²⁺-activated K⁺ (SK/IK/BK),BK channel α (Slo1),KCNMA1 | BK channel α (Slo1),No,No,ENSG00000156113,KCNMA1,gene_id,retained,0.17212615,0.58649216,-0.20246673,1.45626872,-0.72554649,-2.53175163,0.55929731,-0.03160684,0.71718734,0.53220177,0.35817687,-0.09439172,0.41464592,0.93367468,0.98545766,0.36888582,1.19032841,1.46872994,0.62598667,-0.01873156,0.33890500,0.49640177,-0.14859677,-0.63761308,2.44190105,1.20640167,0.53239454,0.95798955,0.47235126,-0.03164890,0.76826575,2.67382064,1.40279227,1.39905162,1.48158406
ENSG00000145936,KCNMB1,Potassium channels,Ca²⁺-activated K⁺ (SK/IK/BK),BK β1,KCNMB1 | BK β1,No,No,ENSG00000145936,KCNMB1,gene_id,retained,0.44448440,0.11299585,0.62027184,0.84686273,-0.42364009,-1.11848411,-0.48159163,0.21823203,-0.21913103,-0.16057719,1.70620657,0.74410060,0.11101994,-0.18966829,0.85554421,0.67789911,1.44253535,1.13250300,0.20985980,1.12624145,0.31620918,0.41097019,1.60767026,-1.60341757,1.35842159,1.24387909,-0.15630036,1.17581950,0.21781957,1.22576320,-0.51813597,3.42533533,0.67785822,-0.00542576,-0.01306795
ENSG00000164588,HCN1,Potassium channels,"HCN - funny current, pacemaker",HCN1 (SAN P cells),HCN1 | HCN1 (SAN P cells),No,No,ENSG00000164588,HCN1,gene_id,retained,0.54868725,-3.52588235,-0.52746589,2.17043072,1.09158720,-1.41822494,0.32793475,-0.07260324,1.40553650,1.35281926,0.64984907,0.20701201,1.15214877,-3.28018116,0.38927696,0.34307583,-0.22581864,-3.84756219,-0.29290812,0.31226695,-0.33465738,1.09973372,-3.36788649,-0.31819589,-3.64840223,2.39330155,1.46534898,-0.07501173,0.56623507,0.68594912,-3.65783639,-0.14619890,0.05352832,0.97794226,1.61713706
ENSG00000099822,HCN2,Potassium channels,"HCN - funny current, pacemaker",HCN2,HCN2 | HCN2,No,No,ENSG00000099822,HCN2,gene_id,retained,0.00122282,0.46167884,-0.04477286,-0.46462313,-0.35781295,-2.02943204,0.66371294,1.55774200,0.21228438,-0.33639036,-1.52478738,1.04240468,0.19668445,0.34480996,-2.45201634,0.86339648,-0.41180276,-2.29730587,1.08986914,-1.16421919,-0.62069511,-2.43304056,-1.14200836,-0.15781106,-0.01106712,-2.00784343,-0.11923724,0.39853099,2.15695203,-0.01009099,0.27068045,0.50723749,0.50453589,-0.22861895,-0.07870426
ENSG00000138622,HCN4,Potassium channels,"HCN - funny current, pacemaker",HCN4 (main pacemaker channel),HCN4 | HCN4 (main pacemaker channel),No,No,ENSG00000138622,HCN4,gene_id,retained,0.52849347,-1.35020764,-0.02534298,0.00862197,0.49492768,0.54072828,-1.50300897,1.09505381,0.21073437,0.74259830,0.58406565,0.93257956,0.49346400,-0.41144133,0.36175175,-1.10872837,1.67261605,1.03461601,-0.35744379,1.27513692,-0.66179101,-0.06408821,0.16827799,0.56956252,-0.62843101,0.05198672,-0.58675596,-1.72015130,-0.64418464,-0.06520735,0.25022328,-1.01964334,1.60517850,1.02633264,0.34187317
ENSG00000163399,ATP1A1,Potassium channels; Sodium channels,Na⁺/K⁺ pump,Na⁺/K⁺-ATPase α1,ATP1A1 | Na⁺/K⁺-ATPase α1,Yes,No,ENSG00000163399,ATP1A1,gene_id,retained,0.23572376,0.27457910,0.13925329,0.10595018,-0.37042171,-0.63318484,0.08219452,0.02480785,0.14109786,0.23087909,0.38201872,-0.04623125,-0.47236446,0.01272532,0.55801587,-0.59701399,-0.09140529,0.92433074,0.05295758,0.14372538,0.01739820,-0.62091706,0.75192974,-0.22122728,-0.03351469,0.06892754,0.31071461,-0.67721366,-0.10685979,-0.16470036,0.15079935,-0.26562274,-0.09113238,-0.36228709,-0.72786235
ENSG00000018625,ATP1A2,Potassium channels; Sodium channels,Na⁺/K⁺ pump,Na⁺/K⁺-ATPase α2 (cardiac),ATP1A2 | Na⁺/K⁺-ATPase α2 (cardiac),Yes,No,ENSG00000018625,ATP1A2,gene_id,retained,0.77995920,0.00273895,0.03925867,0.11452994,0.00294404,-0.44672521,-0.73099003,-0.01727278,0.25555721,0.38876747,-0.83220565,-0.18386114,0.93779433,0.14305783,0.01045160,0.14445595,0.29924274,-1.35896190,0.18900311,0.77413672,-0.29727046,-0.10164534,0.38457316,0.66839926,-0.08808674,-0.42138923,-0.33962563,0.12212344,-0.05417670,0.53514436,-0.51928110,-1.03280090,0.87161565,-0.34028244,-0.46768964
ENSG00000105409,ATP1A3,Potassium channels,Na⁺/K⁺ pump,Na⁺/K⁺-ATPase α3,ATP1A3 | Na⁺/K⁺-ATPase α3,No,No,ENSG00000105409,ATP1A3,gene_id,retained,-0.45660784,-0.57738354,0.14079014,-0.43159789,0.40127414,0.32343081,-0.11124327,0.02231947,0.68901798,-0.05276670,-0.71784641,0.64049492,0.42772346,0.13714196,0.08959835,-0.03388706,0.17517786,-2.09340873,0.34006790,-0.12691107,-0.38031730,0.10206845,-0.63923341,0.12200077,-0.46229790,0.20725542,0.91150605,0.29699611,-0.37958833,-0.54058396,-0.16167091,-1.85627107,-0.34721579,0.05102760,0.07372061
ENSG00000143153,ATP1B1,Potassium channels; Sodium channels,Na⁺/K⁺ pump,Na⁺/K⁺-ATPase β1,ATP1B1 | Na⁺/K⁺-ATPase β1,Yes,No,ENSG00000143153,ATP1B1,gene_id,retained,0.10973281,0.20400085,0.20949871,-0.16346588,-0.01120523,-0.56598736,-0.55468154,0.38457808,0.38752957,-0.08112218,0.19682418,0.24193355,0.21296032,0.11621486,0.47250912,-0.11379966,0.40672017,0.42472666,0.11774107,0.63854694,0.00263681,-0.34372526,0.42015270,0.29826998,0.12056658,-0.28854245,0.24740898,-0.45336000,0.02165753,-0.11274838,-0.14522356,-1.15367055,0.29223279,-0.41227184,-0.42011966
ENSG00000266964,FXYD1,Potassium channels; Sodium channels,Na⁺/K⁺ pump,Phospholemman (cardiac NKA regulator); Phospholemman,FXYD1 | Phospholemman (cardiac NKA regulator); Phospholemman,Yes,No,ENSG00000266964,FXYD1,gene_id,retained,-0.51692493,0.52888293,0.14905715,0.11388642,-0.38168296,-0.13726202,0.16860376,-0.34630890,0.42174854,0.20366272,-0.51643165,-0.24476988,-0.43010595,-0.01170918,-1.40895534,-1.24322006,-0.62108628,-1.13302581,-0.52152589,-0.94282303,-0.98708286,0.55833956,-0.37504896,-0.90190862,-1.53425840,-0.02703695,0.32129031,-1.99752637,-0.19040140,-0.02699145,-0.05494537,-0.85380109,-0.37843942,-0.03613962,-0.04130861
ENSG00000119121,TRPM6,Magnesium channels,Plasma membrane Mg²⁺ uptake,TRPM6 (intestinal/renal Mg²⁺ uptake + kinase),TRPM6 | TRPM6 (intestinal/renal Mg²⁺ uptake + kinase),No,No,ENSG00000119121,TRPM6,gene_id,retained,-1.19084354,0.49152802,-0.24557770,0.40520239,0.40650419,1.88798294,-1.25113137,-0.10710495,-0.39655997,0.24094661,-0.41094940,-1.16560323,-0.47599334,0.17163204,1.48481056,1.75437386,0.36640968,-0.64728776,-0.26255869,-0.10925789,1.08473433,0.39311755,-1.10049787,-0.97972417,-0.44812780,-0.02113387,0.58364611,-0.53008913,-5.01812535,-0.50609388,0.00810161,1.50047720,-0.59102688,-0.12921184,0.62213091
ENSG00000102158,MAGT1,Magnesium channels,Plasma membrane Mg²⁺ uptake,Magnesium transporter 1,MAGT1 | Magnesium transporter 1,No,No,ENSG00000102158,MAGT1,gene_id,retained,-0.20931823,0.07498683,0.16497756,-0.03840692,0.06730549,0.07266255,-0.01697694,-0.20624010,0.09100976,-0.01402285,0.20261823,0.02642478,0.15275342,0.38599578,0.08155261,0.05074748,-0.08525809,0.48130189,0.30383443,0.34526153,0.09786409,-0.09219101,0.47326223,-0.17699215,-0.01219785,-0.41922237,-0.05530023,0.15291705,0.08036768,0.02089326,0.11070571,-0.13055527,-0.26611311,0.10590277,-0.15807605
ENSG00000119946,CNNM1,Magnesium channels,Plasma membrane Mg²⁺ uptake,CNNM1 (cyclin M1),CNNM1 | CNNM1 (cyclin M1),No,No,ENSG00000119946,CNNM1,gene_id,retained,0.22219865,0.78257968,-1.15446360,0.16113229,0.97154947,-1.19722574,1.50586522,-0.38211876,-0.90951721,0.14497515,-3.52146916,1.55000173,0.01951101,1.02828088,2.35570333,0.56407502,1.21757298,1.01729320,-1.65687143,-0.38427169,0.62330740,1.06919415,0.94057554,1.37673449,1.78205033,0.43497704,1.12995483,-3.02393754,2.00962669,-1.01905111,1.20701900,0.07480029,1.21794399,1.64640043,0.18102397
ENSG00000148842,CNNM2,Magnesium channels,Plasma membrane Mg²⁺ uptake,CNNM2 (renal Mg²⁺ reabsorption),CNNM2 | CNNM2 (renal Mg²⁺ reabsorption),No,No,ENSG00000148842,CNNM2,gene_id,retained,0.47589003,-0.03682609,-0.72242521,0.36786792,-0.63058925,0.46408161,0.15885406,-0.19235621,0.11550314,0.00516738,0.46176628,-0.35799735,0.16418567,0.01381467,-0.22954545,-0.08676363,-0.01178444,0.34011336,-0.35872229,0.57753891,-0.59880027,0.18125613,-0.06617570,-0.29007366,0.04800561,-0.23682461,-0.63964064,0.06444799,-0.09497877,0.28438263,0.11826718,1.47133076,0.08419219,0.63433886,-0.16608370
ENSG00000168763,CNNM3,Magnesium channels,Plasma membrane Mg²⁺ uptake,CNNM3,CNNM3 | CNNM3,No,No,ENSG00000168763,CNNM3,gene_id,retained,0.44043451,-0.14616482,-0.33320723,0.29240419,0.01603469,0.21742807,-0.26835012,-0.29263142,0.07405213,0.00519562,-0.14450289,0.05890103,0.15856821,0.33757016,-0.72644166,0.03772205,-0.48684907,-0.63126613,-0.22933632,-0.04411038,-0.77804558,0.17785125,0.52621107,-0.46601571,0.17076934,-0.31592436,-0.80847873,-0.00717160,-0.08594224,0.35891093,-0.10712129,-0.48245496,0.13766842,-0.03325371,0.11253834
ENSG00000158158,CNNM4,Magnesium channels,Plasma membrane Mg²⁺ uptake,CNNM4 (intestinal/renal),CNNM4 | CNNM4 (intestinal/renal),No,No,ENSG00000158158,CNNM4,gene_id,retained,-0.27350643,-0.41363911,0.37508712,-0.65718716,0.06533331,0.34628103,-0.48407036,0.48864315,0.55305844,-0.73648690,-0.26993058,0.42663851,0.04145577,-0.07760230,-0.49988485,0.10450697,-0.24757150,-0.75362459,0.19246328,-0.81887696,0.03035194,0.22514988,-0.40650991,-0.09757648,-0.46734048,-0.10854507,0.66249282,0.45340545,0.66099485,1.03642234,0.04655167,-0.58341583,0.30242418,1.01563542,0.50270207
ENSG00000170113,NIPA1,Magnesium channels,Plasma membrane Mg²⁺ uptake,NIPA1 (Mg²⁺ transporter),NIPA1 | NIPA1 (Mg²⁺ transporter),No,No,ENSG00000170113,NIPA1,gene_id,retained,-0.03865998,0.23555382,0.18943620,0.01782760,-0.15557653,-0.08317948,0.05791013,0.19462015,-0.41793191,0.08237915,0.24255939,0.02473530,0.00325823,-0.10791237,0.00498628,0.21022706,-0.39497985,0.37315292,0.17230856,0.18077357,-0.09091684,0.31472044,0.43656901,-0.12668530,-0.00230332,-0.06902949,-0.11101730,0.03442773,0.05147686,-0.36466219,0.40011275,0.02781802,0.75710398,-0.05576285,-0.02332040
ENSG00000140157,NIPA2,Magnesium channels,Plasma membrane Mg²⁺ uptake,NIPA2,NIPA2 | NIPA2,No,No,ENSG00000140157,NIPA2,gene_id,retained,0.17000809,-0.12465186,0.09578723,0.02098762,-0.34551793,-0.14181961,0.05012471,0.27743792,-0.00235616,-0.23335986,0.84839522,0.40186892,-0.03692718,-0.02252346,0.66608066,-0.29406774,0.57744967,0.76492533,0.09427764,0.37660188,0.37584971,-0.31417645,0.49009075,-0.09311563,0.30374483,-0.57523296,-0.28587232,-0.41091939,0.20646424,-0.29406453,0.05753646,-0.45788556,-0.30269932,-0.06840173,-0.05278709
ENSG00000163293,NIPAL1,Magnesium channels,Plasma membrane Mg²⁺ uptake,NIPA-like 1,NIPAL1 | NIPA-like 1,No,No,ENSG00000163293,NIPAL1,gene_id,retained,0.62743463,-2.89964717,0.09876929,1.50978476,0.92932648,-0.30656293,1.25902452,0.02311723,-1.24124681,0.01969642,-0.79430508,-0.93228755,-0.42324991,-2.65394597,0.62848902,0.96931101,3.80034715,1.30223495,1.25086490,0.55147901,1.97963379,2.57396581,0.95878841,-2.86188571,-3.02216705,1.27631215,1.35461857,-2.61870155,-0.39249225,-0.61381512,1.36071622,1.98904993,0.67976351,-0.63286175,1.74380123
ENSG00000104361,NIPAL2,Magnesium channels,Plasma membrane Mg²⁺ uptake,NIPA-like 2,NIPAL2 | NIPA-like 2,No,No,ENSG00000104361,NIPAL2,gene_id,retained,0.01060778,0.11176279,-0.27039050,0.49637497,-0.06233533,-0.44499730,-0.10456606,0.09366766,0.16987598,-0.33941846,0.06546469,0.25655286,0.09535393,-0.12404837,0.12705972,0.11673897,0.19543032,-0.51695092,-0.04341258,-0.16392214,-0.49219956,-0.08966512,0.13040294,-0.36271760,0.24408793,0.44018907,-0.29608986,-0.88895580,0.23501412,-0.25856294,-0.01150682,0.28728074,-0.14862196,0.29942187,-0.02024715
ENSG00000001461,NIPAL3,Magnesium channels,Plasma membrane Mg²⁺ uptake,NIPA-like 3,NIPAL3 | NIPA-like 3,No,No,ENSG00000001461,NIPAL3,gene_id,retained,0.18030286,-0.18533293,0.18721581,0.23455114,0.03008897,-0.29994510,-0.11447508,-0.12302540,0.09061973,0.00061197,0.02275952,-0.21172229,0.11726484,-0.42579575,-0.17879939,-0.31151679,0.32487563,-0.31628825,-0.27914009,0.35656218,-0.24747090,-0.30271394,-0.25866261,-0.25993000,-0.22085970,-1.08781234,-0.87970570,-0.10433317,-0.42538686,-0.44843507,-0.22682862,-0.80229903,-0.16601372,-0.08492345,-0.40602037
ENSG00000133065,SLC41A1,Magnesium channels,Na⁺/Mg²⁺ exchange,SLC41A1 (Na⁺/Mg²⁺ exchanger),SLC41A1 | SLC41A1 (Na⁺/Mg²⁺ exchanger),No,No,ENSG00000133065,SLC41A1,gene_id,retained,0.32725438,-0.31980879,-0.27471663,-0.19891775,0.00963857,0.39191673,-0.32197029,0.00707666,0.37952712,0.18972256,-1.21129942,0.13469930,0.28424795,-0.21655936,0.24651728,-0.36208906,0.17622879,-1.41821327,0.04026204,0.47081131,-0.11515952,-0.44935447,-0.74803081,0.11328380,-0.49240175,-0.99887405,-0.73933405,-0.29660636,-0.11865031,-0.82514058,-0.25339816,-1.28242942,0.25912624,-0.37013255,-0.72837750
ENSG00000136052,SLC41A2,Magnesium channels,Na⁺/Mg²⁺ exchange,SLC41A2 (Mg²⁺ transporter),SLC41A2 | SLC41A2 (Mg²⁺ transporter),No,No,ENSG00000136052,SLC41A2,gene_id,retained,1.04814270,-0.59952925,-0.03407219,0.44237772,0.58194044,-1.26125890,-0.89876333,0.71673949,0.00442333,0.06742719,2.33227659,0.73395827,0.66299967,0.42110539,2.01708490,0.58493076,1.91527332,2.08279285,-1.63601569,1.79373044,0.49977323,-0.32826275,1.46749295,-1.66130346,1.76909135,1.15347205,0.40573992,-0.08251626,1.44762145,1.40390307,1.24426917,2.46744464,0.70645185,0.71677630,1.24097952
ENSG00000124532,MRS2,Magnesium channels,Mitochondrial Mg²⁺,Mitochondrial Mg²⁺ uniporter (inner membrane),MRS2 | Mitochondrial Mg²⁺ uniporter (inner membrane),No,No,ENSG00000124532,MRS2,gene_id,retained,-0.13491016,-0.29835048,0.39340209,-0.08543231,0.31361097,-0.00562879,-0.47627023,0.45689068,-0.16331177,-0.45257559,-0.54051060,-0.13978876,0.16072351,-0.09163144,-0.00231035,0.23030797,-0.15515955,-0.92879792,-0.04785547,-0.14789443,0.09056108,-0.25750461,-0.78806744,-0.03900848,-0.26602924,-0.44247723,-0.47916101,0.14370375,-0.06958306,-0.10688125,-0.23673100,-0.75368501,-0.29548850,-0.24191622,-0.34087146
ENSG00000114544,SLC41A3,Magnesium channels,Mitochondrial Mg²⁺,Mitochondrial Mg²⁺ efflux,SLC41A3 | Mitochondrial Mg²⁺ efflux,No,No,ENSG00000114544,SLC41A3,gene_id,retained,-0.35064339,-0.33332923,0.23946607,0.11463415,0.16828876,0.01835513,-0.33379775,0.43887550,0.03815075,-0.01894987,-0.04901699,0.04582720,0.22417262,-0.00749745,-0.44794610,-0.43241370,-0.31322163,-0.33912630,-0.22110066,-0.30995410,-0.06514758,0.06254825,-0.22777354,-0.28676634,-0.23020228,-0.25581388,-0.30402495,-0.51909855,-0.24166730,-0.57124306,-0.56897633,-0.07034967,-0.40660171,-0.53805974,-0.38129221
ENSG00000116688,MFN2,Magnesium channels,Mitochondrial Mg²⁺,Mitofusin 2 (Mg²⁺ flux modulator at MAM),MFN2 | Mitofusin 2 (Mg²⁺ flux modulator at MAM),No,No,ENSG00000116688,MFN2,gene_id,retained,-0.12506576,-0.30773311,0.12301623,-0.39065124,-0.11605177,0.65555295,0.21570541,-0.25054296,0.19577025,-0.19953681,-0.05814715,0.39311943,0.43697818,-0.11647353,-0.25263838,0.17135295,0.19412422,-0.42631406,0.24306135,0.06756118,0.22953381,0.73258063,0.07848222,0.11637247,-0.00782144,-0.31155136,0.31603355,1.02410201,0.45900987,0.69379623,0.39338001,-0.55576894,0.30267919,0.21137944,0.39553611
ENSG00000177728,TMEM94,Magnesium channels,ER magnesium import,ER magnesium import,TMEM94 | ER magnesium import,No,Yes,ENSG00000177728,TMEM94,gene_id,retained,0.02621260,-0.10116216,-0.35938737,-0.02564993,0.02354115,0.46146374,0.23778068,-0.09546530,-0.16733341,-0.09793194,-0.37932179,-0.09708333,0.01644573,-0.39701191,-0.40932103,-0.19647445,-0.14486331,-0.66095799,-0.14550939,-0.26760289,-0.09357504,0.02135446,-0.23178860,-0.00107638,-0.28288378,0.06768374,-0.09330830,0.22787775,0.27805969,0.20712694,0.11663379,-0.26271134,0.03352686,0.16992243,0.05619648
ENSG00000183873,SCN5A,Sodium channels,Voltage-gated Na⁺ (Nav) - α subunits,"Nav1.5 (main cardiac Na⁺ channel, LQT3, Brugada)","SCN5A | Nav1.5 (main cardiac Na⁺ channel, LQT3, Brugada)",No,No,ENSG00000183873,SCN5A,gene_id,retained,0.29148349,-0.47371980,0.23101097,0.18186256,-0.10921467,-0.38807669,-0.57899864,0.38844360,0.45720917,0.50311060,0.53807203,0.31364235,0.58801703,0.34849711,0.42108802,0.25980458,0.27185458,0.06956480,0.15603374,0.61073754,-0.31054617,-0.58489334,0.30020395,0.56636530,0.07741014,-0.51326299,-0.00466332,-0.24629881,0.48702853,0.01940259,0.21556710,-1.24252939,0.35100884,-0.19262158,-0.40023212
ENSG00000185313,SCN10A,Sodium channels,Voltage-gated Na⁺ (Nav) - α subunits,Nav1.8 (minor cardiac),SCN10A | Nav1.8 (minor cardiac),No,No,ENSG00000185313,SCN10A,gene_id,retained,1.84508107,0.03981263,0.42469744,1.49928524,-1.35618008,-4.26192089,-0.58085623,0.74958331,1.64049750,2.94017312,3.18697490,1.48042436,1.83473942,0.72161295,2.37995911,-0.70920675,1.44004051,4.76252692,0.87338002,1.63377360,-0.11945964,1.42596277,3.20837773,1.19956462,-1.00024508,1.67083634,0.69204236,-0.59677958,1.91893634,1.64417420,-0.09214140,-4.36840647,0.78551706,-0.88778000,0.78221132
ENSG00000196876,SCN8A,Sodium channels,Voltage-gated Na⁺ (Nav) - α subunits,Nav1.6 (cardiac/neuronal),SCN8A | Nav1.6 (cardiac/neuronal),No,No,ENSG00000196876,SCN8A,gene_id,retained,0.11833724,-1.45832660,0.40258634,0.91390671,-2.22628808,0.35982420,0.27486081,1.10186773,0.51323165,0.55958083,-0.18014791,1.17061681,-1.06284933,0.53739635,-0.33517424,0.67702500,0.07036149,-0.19504393,0.69987987,-0.64350979,1.25328887,-0.84853549,-1.05932264,-0.23614056,0.16917528,0.40706449,0.63907030,0.49247043,1.28983643,0.00034205,0.67820821,1.23721895,1.40415624,0.73149684,1.01745631
ENSG00000144285,SCN1A,Sodium channels,Voltage-gated Na⁺ (Nav) - α subunits,Nav1.1 (neuronal),SCN1A | Nav1.1 (neuronal),No,No,ENSG00000144285,SCN1A,gene_id,retained,0.00399037,-1.46310933,0.78571393,-0.49959421,-0.05174712,0.06804717,-0.16950806,0.03515724,1.29105001,-0.51575136,-3.44523008,1.67228818,0.43678701,-0.01946875,1.39606538,-1.68161399,0.36092626,-3.55032391,-1.40006009,0.03300431,0.81057780,-0.28341007,-5.39257631,0.32007931,-1.58562920,0.89624106,-0.55934084,-0.62577036,0.59217133,-0.03207936,-1.59506336,-5.87132844,-2.86424629,1.08876741,-0.47970254
ENSG00000136531,SCN2A,Sodium channels,Voltage-gated Na⁺ (Nav) - α subunits,Nav1.2 (neuronal),SCN2A | Nav1.2 (neuronal),No,No,ENSG00000136531,SCN2A,gene_id,retained,0.38236302,-0.49872685,0.83877826,-2.11166274,0.56269289,-1.24351225,1.44983074,1.04552592,-0.42528899,0.07381398,-0.95632096,-0.85329533,-4.04469740,-1.63153728,1.55926724,-0.12375751,-1.74709976,-1.06141478,-0.43567762,-4.44848010,-0.71843498,-4.21740668,-1.71924262,-0.99148011,-1.99975835,-0.15445179,-3.85179143,-0.74829594,1.17305877,-1.06533761,-1.16119560,-0.43245999,-0.41330502,0.30465804,-4.41369916
ENSG00000153253,SCN3A,Sodium channels,Voltage-gated Na⁺ (Nav) - α subunits,Nav1.3 (neuronal),SCN3A | Nav1.3 (neuronal),No,No,ENSG00000153253,SCN3A,gene_id,retained,-0.00043591,0.44044845,0.24380522,-0.31675932,-0.17267219,-1.24388263,0.14572714,0.05752747,0.84624178,0.41971527,-0.03171615,0.37402684,0.21515961,0.51154513,0.17553378,-0.14638786,-0.30762435,0.15809494,0.24195753,-0.58114316,0.69159665,-1.13315938,-0.22582840,-0.37278014,-0.06182943,-0.74027782,0.27928904,-0.00069824,-0.05132914,-1.28925135,-1.46804568,-0.43201851,0.48407454,-0.06079473,-1.25801672
ENSG00000007314,SCN4A,Sodium channels,Voltage-gated Na⁺ (Nav) - α subunits,Nav1.4 (skeletal),SCN4A | Nav1.4 (skeletal),No,No,ENSG00000007314,SCN4A,gene_id,retained,0.82520522,-0.14175815,-0.28256989,0.73571047,0.88829742,-1.40333454,0.50328982,-1.88368344,0.75884311,1.07412618,-0.21100244,-1.48089659,1.44509576,-0.16842922,1.75780431,1.80501411,1.84582653,-0.08373356,-0.14213430,-0.13581463,0.93284004,2.09200581,0.37189666,2.83864393,1.60170462,1.28889301,-0.26745263,-0.84538249,-0.03860245,-0.98909255,1.37200435,0.88707002,-0.14373452,0.73851546,0.65144491
ENSG00000169432,SCN9A,Sodium channels,Voltage-gated Na⁺ (Nav) - α subunits,Nav1.7,SCN9A | Nav1.7,No,No,ENSG00000169432,SCN9A,gene_id,retained,0.73123724,-1.42906223,0.00388791,0.53558485,-0.44541135,-0.05837041,0.17379330,0.05779548,0.43054522,-1.36361615,-0.34149484,-0.04961240,0.29060618,0.07229384,-0.18265260,-0.18875309,-0.04326864,-0.76553907,-2.12274185,-0.23780318,-0.05668782,-1.13127485,0.16950622,-1.57974586,-1.10020276,-0.82151911,-0.25345344,-1.63354343,-0.90102858,-2.22188712,-0.12044367,-0.28771274,-1.55009127,0.60053376,-0.43812571
ENSG00000168356,SCN11A,Sodium channels,Voltage-gated Na⁺ (Nav) - α subunits,Nav1.9,SCN11A | Nav1.9,No,No,ENSG00000168356,SCN11A,gene_id,retained,-0.31275938,2.18252662,-1.04787560,1.69656359,1.07813747,-2.67560024,-2.69497530,0.99194955,0.78203330,1.68040645,0.49200943,1.09099255,0.50049453,2.42822782,0.53629191,-2.29281110,-2.33119085,1.60930802,0.77164467,0.45928190,0.72989540,-0.15764158,1.39710601,1.66389474,1.66407807,0.36099280,3.61396603,0.98954106,2.66473519,2.25746189,2.45111052,3.32643863,0.87707301,0.90499152,1.84769980
ENSG00000105711,SCN1B,Sodium channels,Nav β subunits,Navβ1 (cardiac),SCN1B | Navβ1 (cardiac),No,No,ENSG00000105711,SCN1B,gene_id,retained,0.31824059,-0.15699331,0.26406265,0.06050139,-0.48662858,-0.54032511,0.18775000,0.04698731,0.30640507,0.38795696,0.65823937,0.12134099,0.60756602,0.34881459,0.25477911,-0.21113317,0.79659130,-0.84200309,-0.19070960,-0.10074340,-0.57774805,0.13033002,0.18731899,-0.49354858,1.16909751,0.47208456,-0.90127479,-0.79087013,0.21894964,-0.28644693,-0.01646071,-0.55867979,-0.62367532,-0.81725604,-0.15468977
ENSG00000149575,SCN2B,Sodium channels,Nav β subunits,Navβ2,SCN2B | Navβ2,No,No,ENSG00000149575,SCN2B,gene_id,retained,-0.31401943,0.22190856,-0.60265146,-0.32058386,-0.09049187,1.17642557,-0.31699306,-0.38782211,0.63422765,-0.77781636,-0.00838486,0.47598159,0.86050469,0.59171885,-0.81072267,0.35591115,-0.47967081,-0.05279565,0.63458541,0.35747657,-0.40984296,0.39901109,0.77864980,1.03167711,-0.14534490,0.32554952,0.80959202,1.70463633,1.08948454,1.18296753,0.75847355,0.90965377,-0.11980859,1.72142039,0.87220117
ENSG00000166257,SCN3B,Sodium channels,Nav β subunits,Navβ3 (cardiac),SCN3B | Navβ3 (cardiac),No,No,ENSG00000166257,SCN3B,gene_id,retained,-0.10989056,0.80701309,-0.59346801,-0.48261667,-0.07568722,0.15953680,0.02966220,-0.23402492,0.49947529,0.57599396,1.24429318,-0.21093077,0.26657130,0.99238376,1.23761424,0.16447900,1.04160297,0.86422360,0.09315799,0.26380952,0.25560803,0.42056462,1.32099889,0.61001964,1.08592612,0.39907992,1.08375270,0.20608482,0.24869418,0.67944801,0.77951023,0.99540355,0.27912976,0.09959273,0.75087048
ENSG00000177098,SCN4B,Sodium channels,Nav β subunits,Navβ4,SCN4B | Navβ4,No,No,ENSG00000177098,SCN4B,gene_id,retained,-0.09970337,-0.50355786,-0.05000344,0.39713648,-0.88380846,0.23451284,0.51342753,-0.11134552,0.50334179,-0.29957340,0.35403314,0.85043342,0.00178410,-0.03762623,-0.91192874,0.50238909,-0.49977513,-0.50149603,-0.26957580,-0.56237027,-0.80898277,-0.01805278,-0.62257671,-1.01343930,-0.02076000,-0.45821910,0.07439584,0.34374768,0.27328923,0.10359726,0.38897928,-0.27301093,-0.62257196,0.23087135,0.52659666
ENSG00000090020,SLC9A1,Sodium channels,Na⁺/H⁺ exchangers (NHE),"NHE1 (cardiac, pH/volume regulation)","SLC9A1 | NHE1 (cardiac, pH/volume regulation)",No,No,ENSG00000090020,SLC9A1,gene_id,retained,-0.51594039,-0.26044053,0.11439214,0.09794010,0.58933411,-0.33968441,-0.00606932,0.47872393,-0.15825562,0.33898991,1.18908691,0.57434315,0.46011620,0.33486808,0.24192125,0.09822562,0.82266465,1.25118347,0.16356481,0.73731359,0.14424857,0.05084917,1.55218686,0.84900590,0.89885447,0.32415115,0.44789072,0.71549038,0.97259369,0.14413153,1.00828084,0.85344192,0.75273070,1.32863588,1.26688389
ENSG00000198689,SLC9A6,Sodium channels,Na⁺/H⁺ exchangers (NHE),NHE6 (endosomal),SLC9A6 | NHE6 (endosomal),No,No,ENSG00000198689,SLC9A6,gene_id,retained,0.13861218,-0.01898869,0.09215948,-0.19301663,0.13696813,-0.24098983,0.00121543,0.20349661,-0.11945668,-0.00926882,0.27928757,0.04797085,-0.00404828,0.09353924,0.17448671,-0.33358597,-0.25059424,0.08517034,0.09145952,-0.04219736,0.20348416,-0.18101017,0.00371851,0.22329492,-0.02314306,-0.40566467,-0.00393905,-0.09731272,-0.05727906,-0.01329209,-0.16644530,-0.32631551,-0.13232846,0.12680198,-0.07143440
ENSG00000065923,SLC9A7,Sodium channels,Na⁺/H⁺ exchangers (NHE),NHE7,SLC9A7 | NHE7,No,No,ENSG00000065923,SLC9A7,gene_id,retained,0.21190286,-0.00510107,-0.32266199,0.07670916,0.35175786,0.17579908,0.18964545,-0.17243264,-0.50561871,0.11039100,-0.08907063,-0.83377612,0.41398009,-0.14836699,-0.07976429,-0.65582467,0.36847208,-1.02840493,-0.46068957,0.01544356,-0.19414261,0.30802661,-0.08696580,-0.72124092,-0.04779192,-0.18593904,-0.00593624,-0.41554755,0.61853677,0.22341488,0.69045265,-0.08776622,0.43656323,-0.34006177,-0.60860078
ENSG00000197818,SLC9A8,Sodium channels,Na⁺/H⁺ exchangers (NHE),NHE8,SLC9A8 | NHE8,No,No,ENSG00000197818,SLC9A8,gene_id,retained,-0.12192629,-0.33420124,-0.12784729,0.21221257,0.05544837,0.18443831,0.05978717,-0.21392537,0.28601377,0.10902219,-0.05335789,0.19624513,0.37625626,-0.04528244,0.45675301,0.09312704,0.05192402,-0.01303765,0.25702447,-0.43303111,-0.38912378,-0.09363153,-0.24179372,-0.05180193,-0.03789204,0.34411600,0.21444090,0.34267306,0.27057575,0.38877131,-0.20171541,0.20981512,0.23648671,-0.15204908,0.03679102
ENSG00000080493,SLC4A4,Sodium channels,Na⁺-bicarbonate cotransporters,NBCe1,SLC4A4 | NBCe1,No,No,ENSG00000080493,SLC4A4,gene_id,retained,0.21254191,0.24248934,-0.19136840,0.28379885,-0.41681195,0.23039873,-0.66261826,-0.21852194,0.52009172,0.36610762,-0.02762213,0.50041439,0.90086921,0.48132055,0.07702325,0.06981858,-0.19699555,0.42472021,-0.11292983,0.06448954,-0.91214514,-0.78147349,-0.03024848,0.78738001,0.03286354,-0.10511330,0.20161070,0.46753664,0.49996148,0.60679276,0.22680312,-0.10594537,-0.15742427,0.42511258,-0.01141297
ENSG00000188687,SLC4A5,Sodium channels,Na⁺-bicarbonate cotransporters,NBCe2,SLC4A5 | NBCe2,No,No,ENSG00000188687,SLC4A5,gene_id,retained,-0.06010927,0.05051289,-0.56845463,0.20687858,0.99429102,0.17727913,-0.54570293,-0.55921779,0.30452300,-1.16835966,0.75146472,0.03698133,1.34248558,0.82672880,0.57618083,-1.36593115,0.18065160,1.15584320,0.96155903,-3.36872565,-0.89647828,-0.10202832,0.94547434,-1.94414713,-0.51946596,-0.43139084,-0.57040311,-0.11600046,0.32454899,0.40520680,0.40398568,0.74569817,0.94542539,-0.05117237,-0.70167649
ENSG00000033867,SLC4A7,Sodium channels,Na⁺-bicarbonate cotransporters,NBCn1,SLC4A7 | NBCn1,No,No,ENSG00000033867,SLC4A7,gene_id,retained,-0.19112243,-0.33259821,-0.28851848,0.80008994,0.02271995,-0.21265904,0.67480304,-0.54776426,0.07504950,-0.20941973,-0.41232420,-0.06461715,-0.08041431,-0.13208119,0.45979026,-0.34708043,-0.22077322,-0.18103450,0.17426581,0.25503429,0.03409535,-0.17407722,-0.10937352,-0.40400902,-0.15992434,0.29584288,-0.03249508,0.07598301,0.15697417,0.31555677,0.14215060,0.24995949,-0.05818394,-0.34280855,-0.42320156
ENSG00000114859,CLCN2,Chloride channels,CLC family (voltage-gated Cl⁻),ClC-2 (cardiac),CLCN2 | ClC-2 (cardiac),No,No,ENSG00000114859,CLCN2,gene_id,retained,-0.88635269,-0.71299478,0.27863252,0.25156199,0.64635149,-0.08832789,0.16100021,0.56957760,-0.21944843,0.44891912,0.13984062,-0.09836930,-0.16911392,-0.46729358,-0.18955537,0.04724355,0.00886380,-0.04487038,-1.12726732,-0.26656538,-0.43205099,1.00776123,-0.19695140,0.35492865,-0.19084591,0.98441231,0.19887876,0.13244924,0.89775403,0.43207893,0.37162628,0.36339629,0.32911201,-0.10869066,-0.92752737
ENSG00000109572,CLCN3,Chloride channels,CLC family (voltage-gated Cl⁻),ClC-3 (vesicular/endosomal),CLCN3 | ClC-3 (vesicular/endosomal),No,No,ENSG00000109572,CLCN3,gene_id,retained,0.22103419,-0.09146448,-0.17655477,-0.09505360,0.10909248,0.18569665,0.09929912,-0.04802479,-0.20402480,-0.01165797,-0.47906657,-0.14464977,0.34075678,0.24122162,-0.28804105,-0.21546453,0.25714997,-0.09139675,0.04089913,0.04776638,0.45845113,0.43632560,-0.16184077,-0.01628232,-0.14754045,-0.44570160,-0.30207643,0.41054050,-0.03096772,-0.13903931,0.24079183,-0.81895796,-0.08528373,0.57801288,-0.11994869
ENSG00000073464,CLCN4,Chloride channels,CLC family (voltage-gated Cl⁻),ClC-4,CLCN4 | ClC-4,No,No,ENSG00000073464,CLCN4,gene_id,retained,0.09307553,-0.13493766,0.13598178,0.17169215,-0.04708454,-0.04520813,-0.61864245,0.08994237,0.35518094,0.37398909,-0.11595275,0.21822769,0.48292546,-0.07124435,0.26872506,-0.14978428,0.25893282,-0.36399395,0.20966073,0.09552739,0.07023672,-0.07294279,-0.56519642,0.02431331,-0.32351870,-0.52747636,-0.25516340,0.30760502,-0.12726834,0.04922183,-0.03946874,-1.12530076,-0.20775480,0.20194828,-0.27831242
ENSG00000171365,CLCN5,Chloride channels,CLC family (voltage-gated Cl⁻),ClC-5,CLCN5 | ClC-5,No,No,ENSG00000171365,CLCN5,gene_id,retained,0.35728723,0.47393804,-0.02030210,0.09072024,-0.60076934,-0.75000437,0.20779780,-0.12846697,0.36979946,-0.46309369,0.92048615,0.18838118,-0.65078296,-0.14256516,-0.07014527,-0.07535799,-0.21214144,1.59080003,-0.22373581,-0.13886390,0.46274351,-0.26211657,0.02593341,-0.07487046,0.36421377,0.32978424,0.11402936,0.06843334,0.01780244,0.12312539,0.14979788,0.45895410,0.26685122,0.10293648,-0.67464924
ENSG00000011021,CLCN6,Chloride channels,CLC family (voltage-gated Cl⁻),ClC-6,CLCN6 | ClC-6,No,No,ENSG00000011021,CLCN6,gene_id,retained,0.12638257,0.22148692,-0.33337989,0.30284435,-0.12027004,0.18762813,0.14887962,-0.54307290,0.00950126,-0.05383879,-0.77728960,-0.22160961,-0.15123079,-0.11607169,-0.08498473,0.21179367,-0.46615949,-0.36418171,-0.26043760,0.13443031,-0.06102581,0.03425853,0.25426163,-0.23492788,0.12061125,-0.28441731,0.07084118,0.55857042,0.32004777,-0.02242361,0.20222908,-0.25605071,0.27484346,0.21006852,-0.18520406
ENSG00000103249,CLCN7,Chloride channels,CLC family (voltage-gated Cl⁻),ClC-7 (lysosomal),CLCN7 | ClC-7 (lysosomal),No,No,ENSG00000103249,CLCN7,gene_id,retained,0.16942106,0.06424901,-0.09283967,0.01711591,-0.02066748,-0.09179478,0.15383507,0.01957264,-0.21889177,-0.00797831,-0.04485257,-0.16147128,-0.25171498,-0.16853710,-0.34196577,-0.27015562,-0.24427110,-0.59008668,0.12003390,-0.21434397,0.00355560,0.14269162,-0.19884371,-0.02516819,-0.04816185,-0.35464901,-0.07699448,-0.18677003,-0.22584197,-0.05691161,-0.34838239,-0.45174255,-0.01113486,-0.44336774,-0.41172473
ENSG00000186510,CLCNKA,Chloride channels,CLC family (voltage-gated Cl⁻),ClC-Ka (kidney),CLCNKA | ClC-Ka (kidney),No,No,ENSG00000186510,CLCNKA,gene_id,retained,0.56997836,-1.09993823,-0.31451549,-1.33436249,0.13633728,-0.11626953,-0.13564458,1.10459714,1.18981754,0.90186753,-0.35959295,0.13045580,0.17652147,-0.18681237,0.31272075,0.33866940,1.45053229,0.59944356,-0.60078988,-0.91315265,-1.99617610,-0.45075368,-2.22205029,-0.19544330,-0.91760352,-0.17745170,-0.93313533,-1.73653044,1.38276365,1.93637423,0.23523375,-0.98459538,-2.98650201,0.81118824,-0.44773735
ENSG00000184908,CLCNKB,Chloride channels,CLC family (voltage-gated Cl⁻),ClC-Kb (kidney),CLCNKB | ClC-Kb (kidney),No,No,ENSG00000184908,CLCNKB,gene_id,retained,-1.22755079,-0.66478119,0.69601382,0.30982859,0.08446527,-0.10532772,-0.08885758,1.02867966,-0.03247006,-0.21611667,-1.80581616,0.92127179,-0.47961522,-0.38838319,0.04160899,0.62991438,-0.63085779,-2.09935508,0.94125828,-1.62036352,-0.38822416,0.05394429,-2.52238218,-0.50796706,-0.10729136,0.04091440,0.10921943,0.25691472,0.30964119,-0.58182456,-1.14606947,-1.29587757,-0.58350205,0.43041618,0.15895624
ENSG00000131620,ANO1,Chloride channels,Ca²⁺-activated Cl⁻ (anoctamin / TMEM16),"TMEM16A (cardiac, smooth muscle)","ANO1 | TMEM16A (cardiac, smooth muscle)",No,No,ENSG00000131620,ANO1,gene_id,retained,0.10930509,-0.31155351,0.43578584,0.09899204,-0.83297583,-0.02824717,-0.52308854,0.42916625,0.62261583,-0.07776948,-0.17135759,0.45747348,-0.04289314,0.17000483,0.58944710,0.11783152,1.10783861,-0.46847522,-0.16903665,0.12622824,0.12617585,-0.52429665,-0.43114789,-0.18033454,0.43684667,0.34917513,-0.03651860,0.73939797,0.67749989,0.04634681,0.96104775,0.88810034,-0.34260982,0.98021312,0.62285010
ENSG00000047617,ANO2,Chloride channels,Ca²⁺-activated Cl⁻ (anoctamin / TMEM16),TMEM16B,ANO2 | TMEM16B,No,No,ENSG00000047617,ANO2,gene_id,retained,0.18400503,0.73326440,0.34274608,-0.36550476,0.41716743,-0.53724151,-0.26272652,-0.28612289,-0.22558727,-0.37113123,-0.39057509,-0.52855756,0.04437370,0.30263433,-1.82628555,0.42446109,-0.13369699,-0.33119835,0.73705705,0.10804941,0.65233072,0.65576771,0.40583344,0.61158535,1.27019133,-0.05180402,0.77099593,-0.03000267,-0.51841308,-0.74423384,-0.50404263,0.29775644,0.39996716,0.26073242,-0.58662119
ENSG00000177119,ANO6,Chloride channels,Ca²⁺-activated Cl⁻ (anoctamin / TMEM16),TMEM16F (channel + lipid scramblase),ANO6 | TMEM16F (channel + lipid scramblase),No,No,ENSG00000177119,ANO6,gene_id,retained,0.22156121,-0.25967692,0.14864535,0.23745684,-0.36005272,0.01799712,-0.05403292,-0.08871103,0.13681307,0.25697316,0.26250071,-0.01647101,0.15976195,0.19112517,0.44504203,0.12560063,0.40339642,0.38968048,0.01496161,0.45553088,0.27630867,-0.02045324,0.17137621,-0.00193462,0.32063405,-0.11160832,-0.53312715,-0.19246633,0.36412865,0.27601071,0.22679938,0.56407274,-0.13837217,0.25075443,0.12653389
ENSG00000160746,ANO10,Chloride channels,Ca²⁺-activated Cl⁻ (anoctamin / TMEM16),TMEM16K,ANO10 | TMEM16K,No,No,ENSG00000160746,ANO10,gene_id,retained,0.11935393,-0.21478868,0.18153384,-0.25383347,-0.53749869,0.18401109,-0.08478346,0.21946395,0.38654149,0.03870361,0.88519113,0.01479416,0.22164764,0.36012084,0.20030112,-0.00786010,0.06759639,1.12431807,0.19287831,-0.08915072,0.19639378,0.07668335,0.36612993,-0.66440166,0.15297583,0.05385687,0.01081059,-0.12059179,-0.18965857,-0.21247460,0.36172185,0.57562152,-0.34558219,0.40235087,0.19009768
ENSG00000001626,CFTR,Chloride channels,cAMP-activated Cl⁻,CFTR (cardiac arrhythmia modulator),CFTR | CFTR (cardiac arrhythmia modulator),No,No,ENSG00000001626,CFTR,gene_id,retained,-1.03947452,-0.23808538,-0.59016617,-1.10054087,2.11008300,-0.14750148,1.16872650,0.18217868,-0.34521977,-0.05256767,-1.37220923,0.44916632,1.18647295,1.94252079,0.78755047,-1.83510167,0.75878680,-4.64722805,-0.17503615,-2.25293366,-1.13432325,1.72230085,0.08037515,-0.58734704,-4.44806810,-4.67315086,-0.51874146,0.90959371,-0.92530850,-1.19171926,0.40047874,0.84554861,0.19727893,0.34333564,0.66937255
ENSG00000164889,SLC4A2,Chloride channels,Cl⁻/HCO₃⁻ exchangers,AE2,SLC4A2 | AE2,No,No,ENSG00000164889,SLC4A2,gene_id,retained,0.22484399,-0.17048207,0.20329554,0.15296153,-0.34380138,-0.03880661,-0.20894933,0.37195279,-0.19101445,-0.18564576,0.56258024,0.43158266,-0.33533089,-0.32777969,-0.06416095,0.12954816,0.24838071,0.30311207,-0.00998865,0.28409175,0.13551068,0.20198442,-0.33180420,-0.28834814,0.29462179,-0.24759080,-0.45270368,-0.54989136,-0.14617455,-0.11373767,0.04254243,-0.12607520,0.02017675,-0.24009860,-0.57529071
ENSG00000114923,SLC4A3,Chloride channels,Cl⁻/HCO₃⁻ exchangers,AE3 (cardiac),SLC4A3 | AE3 (cardiac),No,No,ENSG00000114923,SLC4A3,gene_id,retained,0.22215328,-0.33858298,0.03832507,-0.11446605,0.27460981,-0.19747287,-0.08284072,-0.06314333,0.26141779,-0.33684249,-0.22955875,-0.01352314,0.25353548,0.07029020,0.02851203,-0.02440550,-0.07773949,-0.60347243,-0.58415742,-0.21885401,-0.22383748,-0.00691457,0.22722644,0.10491148,-0.47998184,-0.16557079,-0.42365016,-0.38332845,-0.46407985,-0.15096719,-0.54884347,-1.70420751,-0.67295370,-0.14882189,-0.70275567
ENSG00000124067,SLC12A4,Chloride channels,K⁺/Cl⁻ cotransporters (KCC),KCC1,SLC12A4 | KCC1,No,No,ENSG00000124067,SLC12A4,gene_id,retained,0.12306580,-0.05250624,0.01436539,-0.25319601,0.19152740,0.02833999,-0.01379034,0.00549393,-0.04329990,-0.06303114,0.31545797,0.37421754,0.17713787,0.01212796,-0.40363525,-0.08709402,0.12291822,-0.11251264,0.02677533,0.14544132,-0.01253035,0.51281391,0.28218663,0.11660729,0.22503206,0.09250800,0.21608296,0.05520250,0.24432497,0.17389613,-0.15605117,-0.10459168,0.38673105,-0.01017583,0.02323207
ENSG00000140199,SLC12A6,Chloride channels,K⁺/Cl⁻ cotransporters (KCC),KCC3,SLC12A6 | KCC3,No,No,ENSG00000140199,SLC12A6,gene_id,retained,0.73300083,0.16916188,-0.31778424,0.17983204,-0.27140024,-0.18082091,-0.09841742,-0.23676371,0.02319177,0.34757245,-0.29264371,0.07328452,0.18027550,0.31553390,-0.45903592,-0.22177750,-0.12832004,-0.20672112,-0.32895204,0.40527517,-0.05750181,0.10270986,-0.20194421,-0.17176177,0.01033851,-0.10846452,-0.62490386,-0.18815789,-0.13335291,0.16621956,-0.44590790,-0.41613299,-0.09267039,0.21836546,-0.32106602
ENSG00000113504,SLC12A7,Chloride channels,K⁺/Cl⁻ cotransporters (KCC),KCC4,SLC12A7 | KCC4,No,No,ENSG00000113504,SLC12A7,gene_id,retained,-0.28983197,-0.06718146,-0.18740262,-0.39668756,0.27469400,0.72322762,-0.01048168,0.14097982,-0.18731614,-0.51927414,-0.96388883,-0.05090262,-0.52600310,-0.50576726,-0.82480809,-0.41759012,-0.70776453,-1.48502190,0.09479757,-0.17772021,0.02338794,0.73716129,-0.79351979,0.58452731,-0.22592030,-0.33346819,0.04851694,0.12697723,0.06503834,-0.14512737,-0.35077005,-0.74997220,0.01662414,0.27707827,0.00414297
ENSG00000064651,SLC12A2,Chloride channels,Na⁺-K⁺-2Cl⁻ cotransporters (NKCC),"NKCC1 (broad, cardiac)","SLC12A2 | NKCC1 (broad, cardiac)",No,No,ENSG00000064651,SLC12A2,gene_id,retained,-0.22558187,0.21757838,0.15582242,0.03618411,-0.36346991,0.39165416,0.08251772,-0.32493580,0.03023078,0.06978000,-0.13583609,0.00575552,0.07115933,0.20608515,-0.15564646,0.07034492,0.33868612,-0.78562855,0.09855413,-0.00792530,0.07372817,-0.21895390,-0.11466207,0.14628779,0.64892888,-0.40344918,-0.03926785,0.54139413,-0.26299381,0.30093607,0.04761649,-0.78470498,-0.17144510,0.34482250,0.36478204
